method,success_rate_pct,success_rate_std_pct,num_seeds,denoiser_passes,scoring_evals,params_m,inference_time_ms,inference_time_median_ms
DP DDIM-10 (cloud=1),91.3,3.1,3,10,0,13.85,10.86,10.638
DP DDPM-100 (cloud=1),,,,100,0,13.85,47.396,46.821
dpq3c DDIM-10 (cloud=64 + Q),88.7,4.2,3,10,64,27.46,15.241,14.96
dpq3c DDPM-100 (cloud=64 + Q),,,,100,64,27.46,54.172,54.794
"Q3CIBC (film, scratch)",92.7,3.1,3,0,100,31.69,9.717,9.764
IBC (DFO 2048x100),42.0,8.8,3,0,204800,13.61,110.339,110.305
Q3CIBC + Langevin-10,90.2,4.4,9,0,110,31.69,23.642,23.457
Q3CIBC + Langevin-25,92.4,2.8,9,0,125,31.69,46.193,45.652
Q3CIBC + Langevin-100,88.9,4.8,9,0,200,31.69,119.507,119.07
