algorithm,seed_dir,inference,refine_iters,control_z,start_position,trial,device,n_infer,n_steps,exec_horizon,ms_per_infer_mean,ms_per_infer_median,ms_per_infer_p95,ms_per_infer_std,ms_first_infer,ms_per_step,infer_hz,net_evals_per_infer,gflops_per_infer,params_m
q3c,/home/liralab-widowx/Q3CIBC/checkpoints/2026_07/L2c_ch16_scratch,argmax,0,False,top_right,0,cpu,527,527,1,105.305,102.484,118.561,6.578,122.843,105.305,9.5,1,45.5091,28.1631
q3c,/home/liralab-widowx/Q3CIBC/checkpoints/2026_07/L2c_ch16_scratch,argmax,0,False,top_right,1,cpu,523,523,1,105.402,102.37,118.074,5.983,119.728,105.402,9.49,1,45.5091,28.1631
q3c,/home/liralab-widowx/Q3CIBC/checkpoints/2026_07/L2c_ch16_scratch,argmax,0,False,top_right,2,cpu,705,705,1,104.322,102.371,117.562,5.251,127.196,104.322,9.59,1,45.5091,28.1631
q3c,/home/liralab-widowx/Q3CIBC/checkpoints/2026_07/L2c_ch16_scratch,argmax,0,False,top_right,3,cpu,704,705,1,107.238,103.147,119.159,7.054,152.422,107.086,9.33,1,45.5091,28.1631
q3c,/home/liralab-widowx/Q3CIBC/checkpoints/2026_07/L2c_ch16_scratch,argmax,0,False,top_right,4,cpu,427,427,1,106.917,102.68,118.362,6.935,131.984,106.917,9.35,1,45.5091,28.1631
q3c,/home/liralab-widowx/Q3CIBC/checkpoints/2026_07/L2c_ch16_scratch,argmax,0,False,bottom_right,0,cpu,664,665,1,106.699,103.07,118.793,6.588,117.465,106.538,9.37,1,45.5091,28.1631
q3c,/home/liralab-widowx/Q3CIBC/checkpoints/2026_07/L2c_ch16_scratch,argmax,0,False,bottom_right,1,cpu,231,231,1,104.42,102.729,116.948,4.865,129.058,104.42,9.58,1,45.5091,28.1631
q3c,/home/liralab-widowx/Q3CIBC/checkpoints/2026_07/L2c_ch16_scratch,argmax,5,False,bottom_right,0,cpu,525,526,1,108.154,103.55,119.233,7.076,137.775,107.948,9.25,1,45.5091,28.1631
q3c,/home/liralab-widowx/Q3CIBC/checkpoints/2026_07/L2c_ch16_scratch,argmax,5,False,bottom_right,0,cpu,900,900,1,105.98,103.394,118.139,6.52,118.978,105.98,9.44,1.356,45.5091,28.1631
q3c,/home/liralab-widowx/Q3CIBC/checkpoints/2026_07/L2c_ch16_scratch,argmax,5,False,bottom_right,1,cpu,135,136,1,108.842,106.399,120.682,7.159,121.437,108.042,9.19,1.704,45.5091,28.1631
q3c,/home/liralab-widowx/Q3CIBC/checkpoints/2026_07/L2c_ch16_scratch,argmax,5,False,bottom_right,2,cpu,317,317,1,106.002,102.984,119.983,6.76,117.161,106.002,9.43,1.615,45.5091,28.1631
q3c,/home/liralab-widowx/Q3CIBC/checkpoints/2026_07/L2c_ch16_scratch,argmax,5,False,bottom_right,2,cpu,900,900,1,108.409,106.128,122.817,7.27,124.043,108.409,9.22,3.128,45.5091,28.1631
q3c,/home/liralab-widowx/Q3CIBC/checkpoints/2026_07/L2c_ch16_scratch,argmax,5,False,bottom,0,cpu,631,632,1,108.12,104.683,121.261,7.273,178.961,107.949,9.25,1.951,45.5091,28.1631
q3c,/home/liralab-widowx/Q3CIBC/checkpoints/2026_07/L2c_ch16_scratch,argmax,5,False,bottom,1,cpu,652,652,1,109.263,107.266,122.972,7.099,132.996,109.263,9.15,3.063,45.5091,28.1631
q3c,/home/liralab-widowx/Q3CIBC/checkpoints/2026_07/L2c_ch16_scratch,argmax,5,False,top,0,cpu,388,388,1,108.353,105.816,121.176,7.22,137.434,108.353,9.23,2.147,45.5091,28.1631
q3c,/home/liralab-widowx/Q3CIBC/checkpoints/2026_07/L2c_ch16_scratch,argmax,5,False,top,1,cpu,325,325,1,108.109,105.503,119.64,7.974,119.283,108.109,9.25,1.892,45.5091,28.1631
q3c,/home/liralab-widowx/Q3CIBC/checkpoints/2026_07/L2c_ch16_scratch,argmax,5,False,left,0,cpu,649,649,1,105.845,103.618,120.387,6.883,118.263,105.845,9.45,2.664,45.5091,28.1631
q3c,/home/liralab-widowx/Q3CIBC/checkpoints/2026_07/L2c_ch16_scratch,argmax,5,False,left,1,cpu,658,658,1,107.753,105.731,121.668,6.724,138.477,107.753,9.28,2.877,45.5091,28.1631
q3c,/home/liralab-widowx/Q3CIBC/checkpoints/2026_07/L2c_ch16_scratch,argmax,5,False,right,0,cpu,259,259,1,111.302,108.881,125.178,8.238,139.529,111.302,8.98,2.969,45.5091,28.1631
q3c,/home/liralab-widowx/Q3CIBC/checkpoints/2026_07/L2c_ch16_scratch,argmax,5,False,right,1,cpu,227,228,1,107.866,105.841,121.825,6.687,135.841,107.393,9.27,2.806,45.5091,28.1631
q3c,/home/liralab-widowx/Q3CIBC/checkpoints/2026_07/L2c_ch16_scratch,argmax,5,False,turned_right,0,cpu,443,443,1,107.355,105.477,121.497,6.715,118.839,107.355,9.31,3.065,45.5091,28.1631
q3c,/home/liralab-widowx/Q3CIBC/checkpoints/2026_07/L2c_ch16_scratch,argmax,5,False,turned_right,1,cpu,343,343,1,106.467,103.34,118.702,6.733,118.809,106.467,9.39,1.627,45.5091,28.1631
q3c,/home/liralab-widowx/Q3CIBC/checkpoints/2026_07/L2c_ch16_scratch,argmax,5,False,turned_right,2,cpu,328,328,1,104.973,102.83,118.335,6.921,133.545,104.973,9.53,1.579,45.5091,28.1631
q3c,/home/liralab-widowx/Q3CIBC/checkpoints/2026_07/L2c_ch16_scratch,argmax,5,False,turned_right,3,cpu,292,292,1,106.141,102.642,118.021,6.45,119.065,106.141,9.42,1.223,45.5091,28.1631
q3c,/home/liralab-widowx/Q3CIBC/checkpoints/2026_07/L2c_ch16_scratch,argmax,5,False,upside_down,0,cpu,231,231,1,105.74,102.088,117.995,6.654,119.388,105.74,9.46,1,45.5091,28.1631
q3c,/home/liralab-widowx/Q3CIBC/checkpoints/2026_07/L2c_ch16_scratch,argmax,5,False,upside_down,1,cpu,188,188,1,107.097,103.304,119.685,7.508,128.869,107.097,9.34,1.133,45.5091,28.1631
q3c,/home/liralab-widowx/Q3CIBC/checkpoints/2026_07/L2c_ch16_scratch,argmax,0,False,upside_down,3,cpu,110,110,1,103.935,102.972,117.121,5.42,117.462,103.935,9.62,1,45.5091,28.1631
q3c,/home/liralab-widowx/Q3CIBC/checkpoints/2026_07/L2c_ch16_scratch,dfo,5,False,top_right,4,cpu,322,323,1,112.986,108.682,124.179,7.219,122.237,112.637,8.85,6,47.1813,28.1631
q3c,/home/liralab-widowx/Q3CIBC/checkpoints/2026_07/L2c_ch16_scratch,dfo,5,False,top_right,5,cpu,335,335,1,110.144,107.05,123.796,6.38,138.114,110.144,9.08,6,47.1813,28.1631
q3c,/home/liralab-widowx/Q3CIBC/checkpoints/2026_07/L2c_ch16_scratch,dfo,5,False,top_right,6,cpu,900,900,1,109.223,106.398,122.816,6.219,122.69,109.223,9.16,6,47.1813,28.1631
q3c,/home/liralab-widowx/Q3CIBC/checkpoints/2026_07/L2c_ch16_scratch,dfo,10,False,top_right,6,cpu,481,482,1,115.313,110.451,129.125,8.192,134.95,115.074,8.67,11,48.8534,28.1631
q3c,/home/liralab-widowx/Q3CIBC/checkpoints/2026_07/L2c_ch16_scratch,dfo,10,False,top_right,7,cpu,331,331,1,112.586,110.383,126.729,5.934,125.88,112.586,8.88,11,48.8534,28.1631
q3c,/home/liralab-widowx/Q3CIBC/checkpoints/2026_07/L2c_ch16_scratch,dfo,10,False,top_right,8,cpu,467,467,1,116.509,111.739,128.036,8.474,140.976,116.509,8.58,11,48.8534,28.1631
q3c,/home/liralab-widowx/Q3CIBC/checkpoints/2026_07/L2c_ch16_scratch,dfo,5,False,right,3,cuda,817,817,1,11.412,11.376,11.585,0.158,231.691,11.412,87.63,6,47.1813,28.1631
q3c,/home/liralab-widowx/Q3CIBC/checkpoints/2026_07/L2c_ch16_scratch,dfo,5,False,right,4,cuda,170,170,1,11.461,11.414,11.604,0.195,227.288,11.461,87.25,6,47.1813,28.1631
q3c,/home/liralab-widowx/Q3CIBC/checkpoints/2026_07/L2c_ch16_scratch,dfo,10,False,right,3,cuda,258,259,1,11.882,11.83,12.204,0.219,227.454,11.836,84.16,11,48.8534,28.1631
q3c,/home/liralab-widowx/Q3CIBC/checkpoints/2026_07/L2c_ch16_scratch,dfo,10,False,right,4,cuda,713,713,1,11.912,11.87,12.19,0.276,237.76,11.912,83.95,11,48.8534,28.1631
q3c,/home/liralab-widowx/Q3CIBC/checkpoints/2026_07/L2c_ch16_scratch,argmax,5,False,right,2,cuda,263,263,1,11.037,10.936,11.944,0.421,210.374,11.037,90.61,1.304,45.5091,28.1631
q3c,/home/liralab-widowx/Q3CIBC/checkpoints/2026_07/L2c_ch16_scratch,argmax,5,False,right,3,cuda,280,280,1,11.092,10.957,11.966,0.5,206.041,11.092,90.16,1.482,45.5091,28.1631
q3c,/home/liralab-widowx/Q3CIBC/checkpoints/2026_07/L2c_ch16_scratch,argmax,0,False,right,0,cuda,113,113,1,10.943,10.854,11.596,0.419,210.276,10.943,91.38,1,45.5091,28.1631
q3c,/home/liralab-widowx/Q3CIBC/checkpoints/2026_07/L2c_ch16_scratch,argmax,0,False,right,1,cuda,116,116,1,10.849,10.894,11.103,0.766,219.409,10.849,92.17,1,45.5091,28.1631
dp,/home/liralab-widowx/Q3CIBC/checkpoints/2026_07_dp/g01_resnet18_s11_350k,ddim,5,False,right,2,cuda,113,113,1,10.621,10.582,10.856,0.135,217.171,10.621,94.15,5,56.4183,13.2486
dp,/home/liralab-widowx/Q3CIBC/checkpoints/2026_07_dp/g01_resnet18_s11_350k,ddim,5,False,right,3,cuda,95,96,1,10.574,10.543,10.711,0.14,220.191,10.464,94.57,5,56.4183,13.2486
dp,/home/liralab-widowx/Q3CIBC/checkpoints/2026_07_dp/g01_resnet18_s11_350k,ddim,10,False,right,2,cuda,165,165,1,20.7,20.563,21.23,0.67,219.446,20.7,48.31,10,112.8367,13.2486
dp,/home/liralab-widowx/Q3CIBC/checkpoints/2026_07_dp/g01_resnet18_s11_350k,ddim,10,False,right,3,cuda,155,155,1,20.774,20.582,21.156,1.06,225.257,20.774,48.14,10,112.8367,13.2486
dp,/home/liralab-widowx/Q3CIBC/checkpoints/2026_07_dp/g01_resnet18_s11_350k,ddim,25,False,right,2,cuda,122,122,1,51.004,50.853,51.527,0.714,252.079,51.004,19.61,25,282.0917,13.2486
dp,/home/liralab-widowx/Q3CIBC/checkpoints/2026_07_dp/g01_resnet18_s11_350k,ddim,25,False,top_right,4,cuda,165,165,1,50.961,50.927,51.872,1.562,255.762,50.961,19.62,25,282.0917,13.2486
dp,/home/liralab-widowx/Q3CIBC/checkpoints/2026_07_dp/g01_resnet18_s11_350k,ddim,25,False,top_right,5,cuda,179,179,1,50.866,50.777,51.453,0.292,250.625,50.866,19.66,25,282.0917,13.2486
dp,/home/liralab-widowx/Q3CIBC/checkpoints/2026_07_dp/g01_resnet18_s11_350k,ddim,5,False,top_right,3,cuda,52,53,1,10.662,10.558,10.886,0.434,216.899,10.461,93.79,5,56.4183,13.2486
dp,/home/liralab-widowx/Q3CIBC/checkpoints/2026_07_dp/g01_resnet18_s11_350k,ddim,25,False,top_right,6,cuda,46,47,1,50.95,50.868,51.483,0.218,252.157,49.866,19.63,25,282.0917,13.2486
dp,/home/liralab-widowx/Q3CIBC/checkpoints/2026_07_dp/g01_resnet18_s11_350k,ddim,25,False,top_right,7,cuda,713,714,1,50.885,50.706,51.587,0.69,249.752,50.814,19.65,25,282.0917,13.2486
ibc,/home/liralab-widowx/Q3CIBC/checkpoints/2026_07_ibc/Ibc2c_c256_imnet,dfo,5,False,top_right,3,cuda,318,319,1,8.284,8.253,8.305,0.339,247.583,8.258,120.72,6,56.2017,
ibc,/home/liralab-widowx/Q3CIBC/checkpoints/2026_07_ibc/Ibc2c_c256_imnet,dfo,5,False,top_right,4,cuda,508,508,1,8.276,8.261,8.304,0.098,250.152,8.276,120.83,6,56.2017,
ibc,/home/liralab-widowx/Q3CIBC/checkpoints/2026_07_ibc/Ibc2c_c256_imnet,dfo,10,False,top,0,cuda,357,357,1,11.234,11.225,11.455,0.612,237.792,11.234,89.02,11,89.8191,
ibc,/home/liralab-widowx/Q3CIBC/checkpoints/2026_07_ibc/Ibc2c_c256_imnet,dfo,10,False,top,1,cuda,283,284,1,11.201,11.167,11.36,0.133,255.585,11.162,89.28,11,89.8191,
ibc,/home/liralab-widowx/Q3CIBC/checkpoints/2026_07_ibc/Ibc2c_c256_imnet,dfo,10,False,top,2,cuda,215,215,1,11.182,11.156,11.21,0.119,258.025,11.182,89.43,11,89.8191,
ibc,/home/liralab-widowx/Q3CIBC/checkpoints/2026_07_ibc/Ibc2c_c256_imnet,dfo,10,False,top,3,cuda,345,346,1,11.217,11.199,11.255,0.099,236.532,11.184,89.15,11,89.8191,
ibc,/home/liralab-widowx/Q3CIBC/checkpoints/2026_07_ibc/Ibc2c_c256_imnet,dfo,25,False,top,0,cuda,304,304,1,20.126,20.082,20.52,0.181,272.012,20.126,49.69,26,190.6711,
ibc,/home/liralab-widowx/Q3CIBC/checkpoints/2026_07_ibc/Ibc2c_c256_imnet,dfo,25,False,top,1,cuda,180,181,1,20.084,20.036,20.153,0.233,254.558,19.973,49.79,26,190.6711,
ibc,/home/liralab-widowx/Q3CIBC/checkpoints/2026_07_ibc/Ibc2c_c256_imnet,dfo,10,False,bottom,0,cuda,505,505,1,11.207,11.175,11.251,0.159,244.384,11.207,89.23,11,89.8191,
ibc,/home/liralab-widowx/Q3CIBC/checkpoints/2026_07_ibc/Ibc2c_c256_imnet,dfo,10,False,bottom,1,cuda,900,900,1,11.199,11.186,11.24,0.117,235.846,11.199,89.29,11,89.8191,
ibc,/home/liralab-widowx/Q3CIBC/checkpoints/2026_07_ibc/Ibc2c_c256_imnet,dfo,25,False,bottom,0,cuda,239,239,1,20.286,20.244,20.375,0.18,245.389,20.286,49.29,26,190.6711,
ibc,/home/liralab-widowx/Q3CIBC/checkpoints/2026_07_ibc/Ibc2c_c256_imnet,dfo,25,False,bottom,1,cuda,240,241,1,20.271,20.258,20.31,0.08,255.083,20.187,49.33,26,190.6711,
ibc,/home/liralab-widowx/Q3CIBC/checkpoints/2026_07_ibc/Ibc2c_c256_imnet,dfo,25,False,bottom,0,cuda,227,227,1,20.129,20.085,20.5,0.157,248.228,20.129,49.68,26,190.6711,
ibc,/home/liralab-widowx/Q3CIBC/checkpoints/2026_07_ibc/Ibc2c_c256_imnet,dfo,25,False,bottom,1,cuda,3,3,1,20.456,20.456,20.844,0.549,251.398,20.456,48.88,26,190.6711,
ibc,/home/liralab-widowx/Q3CIBC/checkpoints/2026_07_ibc/Ibc2c_c256_imnet,dfo,25,False,bottom,2,cuda,367,368,1,20.135,20.09,20.319,0.172,254.698,20.08,49.66,26,190.6711,
ibc,/home/liralab-widowx/Q3CIBC/checkpoints/2026_07_ibc/Ibc2c_c256_imnet,dfo,25,False,bottom,3,cuda,21,21,1,20.082,20.081,20.123,0.026,251.31,20.082,49.8,26,190.6711,
dp,/home/liralab-widowx/Q3CIBC/checkpoints/2026_07_dp/g01_resnet18_s11_350k,ddim,25,False,bottom,1,cuda,20,21,1,50.915,50.842,51.611,0.24,251.092,48.49,19.64,25,282.0917,13.2486
ibc,/home/liralab-widowx/Q3CIBC/checkpoints/2026_07_ibc/Ibc2c_c256_imnet,dfo,10,False,left,0,cuda,217,217,1,11.22,11.194,11.256,0.121,353.296,11.22,89.12,11,89.8191,
ibc,/home/liralab-widowx/Q3CIBC/checkpoints/2026_07_ibc/Ibc2c_c256_imnet,dfo,10,False,left,1,cuda,269,270,1,11.221,11.196,11.268,0.19,249.586,11.18,89.12,11,89.8191,
ibc,/home/liralab-widowx/Q3CIBC/checkpoints/2026_07_ibc/Ibc2c_c256_imnet,dfo,25,False,left,0,cuda,242,242,1,20.173,20.126,20.263,0.172,255.484,20.173,49.57,26,190.6711,
ibc,/home/liralab-widowx/Q3CIBC/checkpoints/2026_07_ibc/Ibc2c_c256_imnet,dfo,25,False,left,1,cuda,2,2,1,20.219,20.219,20.219,0,266.76,20.219,49.46,26,190.6711,
ibc,/home/liralab-widowx/Q3CIBC/checkpoints/2026_07_ibc/Ibc2c_c256_imnet,dfo,25,False,left,2,cuda,17,17,1,20.114,20.049,20.683,0.196,267.094,20.114,49.72,26,190.6711,
ibc,/home/liralab-widowx/Q3CIBC/checkpoints/2026_07_ibc/Ibc2c_c256_imnet,dfo,25,False,left,3,cuda,313,313,1,20.068,20.027,20.198,0.193,255.493,20.068,49.83,26,190.6711,
ibc,/home/liralab-widowx/Q3CIBC/checkpoints/2026_07_ibc/Ibc2c_c256_imnet,dfo,10,False,right,0,cuda,254,254,1,11.336,11.296,11.535,0.172,256.027,11.336,88.21,11,89.8191,
ibc,/home/liralab-widowx/Q3CIBC/checkpoints/2026_07_ibc/Ibc2c_c256_imnet,dfo,10,False,right,1,cuda,249,250,1,11.319,11.284,11.364,0.159,252.933,11.274,88.34,11,89.8191,
ibc,/home/liralab-widowx/Q3CIBC/checkpoints/2026_07_ibc/Ibc2c_c256_imnet,dfo,25,False,right,0,cuda,221,221,1,20.348,20.305,20.397,0.184,264.257,20.348,49.15,26,190.6711,
ibc,/home/liralab-widowx/Q3CIBC/checkpoints/2026_07_ibc/Ibc2c_c256_imnet,dfo,25,False,right,1,cuda,420,420,1,20.399,20.364,20.445,0.167,243.635,20.399,49.02,26,190.6711,
ibc,/home/liralab-widowx/Q3CIBC/checkpoints/2026_07_ibc/Ibc2c_c256_imnet,dfo,10,False,top_right,0,cuda,326,326,1,11.349,11.312,11.39,0.306,250.494,11.349,88.11,11,89.8191,
ibc,/home/liralab-widowx/Q3CIBC/checkpoints/2026_07_ibc/Ibc2c_c256_imnet,dfo,10,False,top_right,1,cuda,578,578,1,11.312,11.286,11.355,0.223,256.724,11.312,88.4,11,89.8191,
ibc,/home/liralab-widowx/Q3CIBC/checkpoints/2026_07_ibc/Ibc2c_c256_imnet,dfo,10,False,top_right,2,cuda,201,202,1,11.353,11.275,11.342,0.496,253.96,11.297,88.08,11,89.8191,
ibc,/home/liralab-widowx/Q3CIBC/checkpoints/2026_07_ibc/Ibc2c_c256_imnet,dfo,10,False,top_right,3,cuda,638,639,1,11.309,11.271,11.328,0.298,233.244,11.291,88.43,11,89.8191,
ibc,/home/liralab-widowx/Q3CIBC/checkpoints/2026_07_ibc/Ibc2c_c256_imnet,dfo,25,False,top_right,0,cuda,474,475,1,20.074,20.032,20.272,0.194,260.29,20.032,49.82,26,190.6711,
ibc,/home/liralab-widowx/Q3CIBC/checkpoints/2026_07_ibc/Ibc2c_c256_imnet,dfo,25,False,top_right,1,cuda,545,545,1,20.043,20.023,20.092,0.19,266.183,20.043,49.89,26,190.6711,
ibc,/home/liralab-widowx/Q3CIBC/checkpoints/2026_07_ibc/Ibc2c_c256_imnet,dfo,25,False,top_right,2,cuda,900,900,1,20.113,20.089,20.206,0.169,265.255,20.113,49.72,26,190.6711,
ibc,/home/liralab-widowx/Q3CIBC/checkpoints/2026_07_ibc/Ibc2c_c256_imnet,dfo,10,False,bottom_right,0,cuda,761,761,1,11.208,11.18,11.249,0.159,249.026,11.208,89.22,11,89.8191,
ibc,/home/liralab-widowx/Q3CIBC/checkpoints/2026_07_ibc/Ibc2c_c256_imnet,dfo,10,False,bottom_right,1,cuda,392,392,1,11.226,11.178,11.276,0.252,243.924,11.226,89.08,11,89.8191,
ibc,/home/liralab-widowx/Q3CIBC/checkpoints/2026_07_ibc/Ibc2c_c256_imnet,dfo,10,False,bottom_right,1,cuda,900,900,1,11.302,11.273,11.335,0.228,233.792,11.302,88.48,11,89.8191,
ibc,/home/liralab-widowx/Q3CIBC/checkpoints/2026_07_ibc/Ibc2c_c256_imnet,dfo,10,False,bottom_right,2,cuda,3,4,1,11.258,11.258,11.262,0.005,243.53,8.444,88.82,11,89.8191,
ibc,/home/liralab-widowx/Q3CIBC/checkpoints/2026_07_ibc/Ibc2c_c256_imnet,dfo,25,False,bottom_right,0,cuda,900,900,1,20.072,20.031,20.147,0.183,257.758,20.072,49.82,26,190.6711,
ibc,/home/liralab-widowx/Q3CIBC/checkpoints/2026_07_ibc/Ibc2c_c256_imnet,dfo,25,False,bottom_right,1,cuda,900,900,1,20.08,20.032,20.16,0.251,247.427,20.08,49.8,26,190.6711,
ibc,/home/liralab-widowx/Q3CIBC/checkpoints/2026_07_ibc/Ibc2c_c256_imnet,dfo,10,False,upside_down,0,cuda,201,202,1,11.251,11.222,11.343,0.134,232.062,11.196,88.88,11,89.8191,
ibc,/home/liralab-widowx/Q3CIBC/checkpoints/2026_07_ibc/Ibc2c_c256_imnet,dfo,10,False,upside_down,1,cuda,339,339,1,11.281,11.247,11.323,0.165,247.369,11.281,88.64,11,89.8191,
ibc,/home/liralab-widowx/Q3CIBC/checkpoints/2026_07_ibc/Ibc2c_c256_imnet,dfo,25,False,upside_down,0,cuda,376,376,1,20.172,20.119,20.204,0.31,262.101,20.172,49.57,26,190.6711,
ibc,/home/liralab-widowx/Q3CIBC/checkpoints/2026_07_ibc/Ibc2c_c256_imnet,dfo,25,False,upside_down,1,cuda,464,465,1,20.106,20.059,20.189,0.231,239.915,20.063,49.74,26,190.6711,
ibc,/home/liralab-widowx/Q3CIBC/checkpoints/2026_07_ibc/Ibc2c_c256_imnet,dfo,10,False,turned_right,0,cuda,900,900,1,11.259,11.225,11.287,0.204,248.573,11.259,88.82,11,89.8191,
ibc,/home/liralab-widowx/Q3CIBC/checkpoints/2026_07_ibc/Ibc2c_c256_imnet,dfo,10,False,turned_right,1,cuda,900,900,1,11.257,11.226,11.286,0.192,247.233,11.257,88.83,11,89.8191,
ibc,/home/liralab-widowx/Q3CIBC/checkpoints/2026_07_ibc/Ibc2c_c256_imnet,dfo,10,False,turned_right,2,cuda,179,179,1,11.258,11.224,11.273,0.295,244.605,11.258,88.83,11,89.8191,
ibc,/home/liralab-widowx/Q3CIBC/checkpoints/2026_07_ibc/Ibc2c_c256_imnet,dfo,25,False,turned_right,0,cuda,164,164,1,20.215,20.175,20.307,0.172,256.076,20.215,49.47,26,190.6711,
ibc,/home/liralab-widowx/Q3CIBC/checkpoints/2026_07_ibc/Ibc2c_c256_imnet,dfo,25,False,turned_right,1,cuda,175,175,1,20.229,20.179,20.384,0.214,266.781,20.229,49.43,26,190.6711,
ibc,/home/liralab-widowx/Q3CIBC/checkpoints/2026_07_ibc/Ibc2c_c256_imnet,dfo,25,False,turned_right,2,cuda,4,4,1,20.182,20.181,20.194,0.012,243.896,20.182,49.55,26,190.6711,
ibc,/home/liralab-widowx/Q3CIBC/checkpoints/2026_07_ibc/Ibc2c_c256_imnet,dfo,10,False,turned_left,0,cuda,350,350,1,11.223,11.172,11.316,0.306,256.683,11.223,89.1,11,89.8191,
ibc,/home/liralab-widowx/Q3CIBC/checkpoints/2026_07_ibc/Ibc2c_c256_imnet,dfo,10,False,turned_left,1,cuda,244,244,1,11.224,11.207,11.257,0.105,246.391,11.224,89.1,11,89.8191,
ibc,/home/liralab-widowx/Q3CIBC/checkpoints/2026_07_ibc/Ibc2c_c256_imnet,dfo,25,False,turned_left,0,cuda,246,246,1,20.066,20.045,20.106,0.114,242.264,20.066,49.84,26,190.6711,
ibc,/home/liralab-widowx/Q3CIBC/checkpoints/2026_07_ibc/Ibc2c_c256_imnet,dfo,25,False,turned_left,1,cuda,120,121,1,20.156,20.055,20.706,0.47,255.109,19.989,49.61,26,190.6711,
ibc,/home/liralab-widowx/Q3CIBC/checkpoints/2026_07_ibc/Ibc2c16_c256_imnet,dfo,5,False,top,0,cuda,311,311,1,8.284,8.237,8.324,0.332,237.468,8.284,120.72,6,56.8309,
ibc,/home/liralab-widowx/Q3CIBC/checkpoints/2026_07_ibc/Ibc2c16_c256_imnet,dfo,5,False,top,1,cuda,395,396,1,8.244,8.216,8.262,0.295,238.322,8.223,121.31,6,56.8309,
ibc,/home/liralab-widowx/Q3CIBC/checkpoints/2026_07_ibc/Ibc2c16_c256_imnet,dfo,5,False,top,2,cuda,468,468,1,8.277,8.225,8.724,0.196,227.207,8.277,120.81,6,56.8309,
ibc,/home/liralab-widowx/Q3CIBC/checkpoints/2026_07_ibc/Ibc2c16_c256_imnet,dfo,5,False,top,0,cuda,392,785,2,8.257,8.244,8.289,0.108,233.368,4.123,121.1,6,56.8309,
ibc,/home/liralab-widowx/Q3CIBC/checkpoints/2026_07_ibc/Ibc2c16_c256_imnet,dfo,5,False,top,1,cuda,176,351,2,8.265,8.246,8.299,0.113,245.363,4.144,120.99,6,56.8309,
ibc,/home/liralab-widowx/Q3CIBC/checkpoints/2026_07_ibc/Ibc2c16_c256_imnet,dfo,5,False,top,2,cuda,3,6,2,8.267,8.267,8.288,0.03,230.749,4.133,120.97,6,56.8309,
ibc,/home/liralab-widowx/Q3CIBC/checkpoints/2026_07_ibc/Ibc2c16_c256_imnet,dfo,5,False,top,2,cuda,450,900,2,8.25,8.231,8.28,0.117,237.413,4.125,121.21,6,56.8309,
ibc,/home/liralab-widowx/Q3CIBC/checkpoints/2026_07_ibc/Ibc2c16_c256_imnet,dfo,5,False,top,0,cuda,62,245,4,8.279,8.238,8.414,0.167,248.176,2.095,120.78,6,56.8309,
ibc,/home/liralab-widowx/Q3CIBC/checkpoints/2026_07_ibc/Ibc2c16_c256_imnet,dfo,5,False,top,1,cuda,114,454,4,8.25,8.23,8.287,0.113,235.322,2.072,121.21,6,56.8309,
ibc,/home/liralab-widowx/Q3CIBC/checkpoints/2026_07_ibc/Ibc2c16_c256_imnet,dfo,5,False,top,2,cuda,155,618,4,8.26,8.236,8.283,0.132,237.899,2.072,121.07,6,56.8309,
ibc,/home/liralab-widowx/Q3CIBC/checkpoints/2026_07_ibc/Ibc2c16_c256_imnet,dfo,5,False,top,0,cuda,46,364,8,8.247,8.229,8.276,0.082,251.565,1.042,121.26,6,56.8309,
ibc,/home/liralab-widowx/Q3CIBC/checkpoints/2026_07_ibc/Ibc2c16_c256_imnet,dfo,5,False,top,1,cuda,51,407,8,8.257,8.233,8.259,0.172,238.735,1.035,121.11,6,56.8309,
ibc,/home/liralab-widowx/Q3CIBC/checkpoints/2026_07_ibc/Ibc2c16_c256_imnet,dfo,5,False,top,2,cuda,12,92,8,8.224,8.222,8.253,0.015,227.526,1.073,121.6,6,56.8309,
ibc,/home/liralab-widowx/Q3CIBC/checkpoints/2026_07_ibc/Ibc2c16_c256_imnet,dfo,5,False,top,3,cuda,61,484,8,8.263,8.242,8.309,0.11,229.74,1.041,121.02,6,56.8309,
ibc,/home/liralab-widowx/Q3CIBC/checkpoints/2026_07_ibc/Ibc2c16_c256_imnet,dfo,5,False,bottom,0,cuda,56,111,2,8.231,8.225,8.27,0.018,226.007,4.152,121.5,6,56.8309,
ibc,/home/liralab-widowx/Q3CIBC/checkpoints/2026_07_ibc/Ibc2c16_c256_imnet,dfo,5,False,bottom,0,cuda,150,300,2,8.247,8.233,8.283,0.09,229.174,4.123,121.26,6,56.8309,
ibc,/home/liralab-widowx/Q3CIBC/checkpoints/2026_07_ibc/Ibc2c16_c256_imnet,dfo,5,False,bottom,1,cuda,250,500,2,8.259,8.231,8.295,0.236,232.258,4.13,121.08,6,56.8309,
ibc,/home/liralab-widowx/Q3CIBC/checkpoints/2026_07_ibc/Ibc2c16_c256_imnet,dfo,5,False,bottom,2,cuda,89,177,2,8.244,8.232,8.311,0.069,227.408,4.145,121.3,6,56.8309,
ibc,/home/liralab-widowx/Q3CIBC/checkpoints/2026_07_ibc/Ibc2c16_c256_imnet,dfo,5,False,bottom,0,cuda,66,265,4,8.37,8.265,8.405,0.642,230.04,2.085,119.47,6,56.8309,
ibc,/home/liralab-widowx/Q3CIBC/checkpoints/2026_07_ibc/Ibc2c16_c256_imnet,dfo,5,False,bottom,1,cuda,78,309,4,8.241,8.223,8.292,0.096,236.55,2.08,121.34,6,56.8309,
ibc,/home/liralab-widowx/Q3CIBC/checkpoints/2026_07_ibc/Ibc2c16_c256_imnet,dfo,5,False,bottom,0,cuda,66,527,8,8.239,8.23,8.296,0.034,237.042,1.032,121.38,6,56.8309,
ibc,/home/liralab-widowx/Q3CIBC/checkpoints/2026_07_ibc/Ibc2c16_c256_imnet,dfo,5,False,bottom,1,cuda,55,433,8,8.354,8.233,8.442,0.74,238.148,1.061,119.7,6,56.8309,
ibc,/home/liralab-widowx/Q3CIBC/checkpoints/2026_07_ibc/Ibc2c16_c256_imnet,dfo,5,False,bottom,2,cuda,46,363,8,8.279,8.257,8.314,0.112,242.689,1.049,120.79,6,56.8309,
ibc,/home/liralab-widowx/Q3CIBC/checkpoints/2026_07_ibc/Ibc2c16_c256_imnet,dfo,5,False,left,0,cuda,158,317,2,8.262,8.241,8.295,0.11,240.555,4.118,121.04,6,56.8309,
ibc,/home/liralab-widowx/Q3CIBC/checkpoints/2026_07_ibc/Ibc2c16_c256_imnet,dfo,5,False,left,1,cuda,197,395,2,8.286,8.245,8.308,0.275,237.694,4.133,120.68,6,56.8309,
ibc,/home/liralab-widowx/Q3CIBC/checkpoints/2026_07_ibc/Ibc2c16_c256_imnet,dfo,5,False,left,0,cuda,134,534,4,8.258,8.241,8.292,0.119,230.54,2.072,121.09,6,56.8309,
ibc,/home/liralab-widowx/Q3CIBC/checkpoints/2026_07_ibc/Ibc2c16_c256_imnet,dfo,5,False,left,1,cuda,83,330,4,8.277,8.236,8.285,0.251,232.222,2.082,120.82,6,56.8309,
ibc,/home/liralab-widowx/Q3CIBC/checkpoints/2026_07_ibc/Ibc2c16_c256_imnet,dfo,5,False,left,2,cuda,225,900,4,8.272,8.263,8.319,0.053,229.773,2.068,120.89,6,56.8309,
ibc,/home/liralab-widowx/Q3CIBC/checkpoints/2026_07_ibc/Ibc2c16_c256_imnet,dfo,5,False,left,0,cuda,58,462,8,8.249,8.244,8.289,0.021,231.787,1.036,121.23,6,56.8309,
ibc,/home/liralab-widowx/Q3CIBC/checkpoints/2026_07_ibc/Ibc2c16_c256_imnet,dfo,5,False,left,1,cuda,113,900,8,8.25,8.241,8.31,0.038,234.166,1.036,121.21,6,56.8309,
ibc,/home/liralab-widowx/Q3CIBC/checkpoints/2026_07_ibc/Ibc2c16_c256_imnet,dfo,5,False,left,2,cuda,36,283,8,8.31,8.272,8.679,0.174,233.301,1.057,120.34,6,56.8309,
ibc,/home/liralab-widowx/Q3CIBC/checkpoints/2026_07_ibc/Ibc2c16_c256_imnet,dfo,5,False,right,0,cuda,450,900,2,8.239,8.228,8.285,0.096,235.33,4.12,121.37,6,56.8309,
ibc,/home/liralab-widowx/Q3CIBC/checkpoints/2026_07_ibc/Ibc2c16_c256_imnet,dfo,5,False,right,1,cuda,450,900,2,8.282,8.269,8.319,0.103,232.586,4.141,120.74,6,56.8309,
ibc,/home/liralab-widowx/Q3CIBC/checkpoints/2026_07_ibc/Ibc2c16_c256_imnet,dfo,5,False,right,2,cuda,183,366,2,8.252,8.243,8.285,0.059,226.194,4.126,121.18,6,56.8309,
ibc,/home/liralab-widowx/Q3CIBC/checkpoints/2026_07_ibc/Ibc2c16_c256_imnet,dfo,5,False,right,3,cuda,200,400,2,8.31,8.251,8.308,0.425,230.189,4.155,120.33,6,56.8309,
ibc,/home/liralab-widowx/Q3CIBC/checkpoints/2026_07_ibc/Ibc2c16_c256_imnet,dfo,5,False,right,0,cuda,97,385,4,8.264,8.24,8.349,0.101,240.466,2.082,121.01,6,56.8309,
ibc,/home/liralab-widowx/Q3CIBC/checkpoints/2026_07_ibc/Ibc2c16_c256_imnet,dfo,5,False,right,1,cuda,129,514,4,8.255,8.232,8.307,0.117,229.443,2.072,121.14,6,56.8309,
ibc,/home/liralab-widowx/Q3CIBC/checkpoints/2026_07_ibc/Ibc2c16_c256_imnet,dfo,5,False,right,2,cuda,161,642,4,8.237,8.225,8.266,0.095,233.795,2.066,121.4,6,56.8309,
ibc,/home/liralab-widowx/Q3CIBC/checkpoints/2026_07_ibc/Ibc2c16_c256_imnet,dfo,5,False,right,0,cuda,26,206,8,8.256,8.243,8.307,0.049,224.908,1.042,121.12,6,56.8309,
ibc,/home/liralab-widowx/Q3CIBC/checkpoints/2026_07_ibc/Ibc2c16_c256_imnet,dfo,5,False,right,1,cuda,62,492,8,8.261,8.251,8.298,0.064,230.328,1.041,121.06,6,56.8309,
ibc,/home/liralab-widowx/Q3CIBC/checkpoints/2026_07_ibc/Ibc2c16_c256_imnet,dfo,5,False,right,2,cuda,51,409,8,8.243,8.239,8.284,0.02,222.221,1.028,121.32,6,56.8309,
ibc,/home/liralab-widowx/Q3CIBC/checkpoints/2026_07_ibc/Ibc2c16_c256_imnet,dfo,5,False,turned_right,0,cuda,213,426,2,8.282,8.273,8.319,0.061,233.679,4.141,120.75,6,56.8309,
ibc,/home/liralab-widowx/Q3CIBC/checkpoints/2026_07_ibc/Ibc2c16_c256_imnet,dfo,5,False,turned_right,1,cuda,102,204,2,8.238,8.214,8.282,0.125,236.385,4.119,121.38,6,56.8309,
ibc,/home/liralab-widowx/Q3CIBC/checkpoints/2026_07_ibc/Ibc2c16_c256_imnet,dfo,5,False,turned_right,2,cuda,154,309,2,8.251,8.228,8.321,0.119,238.295,4.112,121.2,6,56.8309,
ibc,/home/liralab-widowx/Q3CIBC/checkpoints/2026_07_ibc/Ibc2c16_c256_imnet,dfo,5,False,turned_right,0,cuda,83,330,4,8.255,8.239,8.3,0.087,224.613,2.076,121.14,6,56.8309,
ibc,/home/liralab-widowx/Q3CIBC/checkpoints/2026_07_ibc/Ibc2c16_c256_imnet,dfo,5,False,turned_right,1,cuda,63,250,4,8.254,8.239,8.273,0.102,232.631,2.08,121.16,6,56.8309,
ibc,/home/liralab-widowx/Q3CIBC/checkpoints/2026_07_ibc/Ibc2c16_c256_imnet,dfo,5,False,turned_right,2,cuda,117,468,4,8.258,8.238,8.298,0.13,226.999,2.065,121.09,6,56.8309,
ibc,/home/liralab-widowx/Q3CIBC/checkpoints/2026_07_ibc/Ibc2c16_c256_imnet,dfo,5,False,turned_right,0,cuda,59,472,8,8.264,8.259,8.309,0.022,231.425,1.033,121,6,56.8309,
ibc,/home/liralab-widowx/Q3CIBC/checkpoints/2026_07_ibc/Ibc2c16_c256_imnet,dfo,5,False,turned_right,1,cuda,77,610,8,8.255,8.24,8.311,0.076,243.062,1.042,121.15,6,56.8309,
ibc,/home/liralab-widowx/Q3CIBC/checkpoints/2026_07_ibc/Ibc2c16_c256_imnet,dfo,5,False,turned_left,0,cuda,152,304,2,8.264,8.242,8.307,0.105,227.048,4.132,121.01,6,56.8309,
ibc,/home/liralab-widowx/Q3CIBC/checkpoints/2026_07_ibc/Ibc2c16_c256_imnet,dfo,5,False,turned_left,1,cuda,237,474,2,8.239,8.231,8.284,0.076,230.778,4.12,121.37,6,56.8309,
ibc,/home/liralab-widowx/Q3CIBC/checkpoints/2026_07_ibc/Ibc2c16_c256_imnet,dfo,5,False,turned_left,0,cuda,160,641,4,8.26,8.258,8.32,0.091,229.215,2.062,121.06,6,56.8309,
ibc,/home/liralab-widowx/Q3CIBC/checkpoints/2026_07_ibc/Ibc2c16_c256_imnet,dfo,5,False,turned_left,1,cuda,66,263,4,8.245,8.245,8.273,0.017,234.868,2.069,121.29,6,56.8309,
ibc,/home/liralab-widowx/Q3CIBC/checkpoints/2026_07_ibc/Ibc2c16_c256_imnet,dfo,5,False,turned_left,2,cuda,74,296,4,8.27,8.247,8.309,0.109,233.775,2.068,120.91,6,56.8309,
ibc,/home/liralab-widowx/Q3CIBC/checkpoints/2026_07_ibc/Ibc2c16_c256_imnet,dfo,5,False,turned_left,0,cuda,21,162,8,8.259,8.251,8.298,0.025,230.429,1.071,121.08,6,56.8309,
ibc,/home/liralab-widowx/Q3CIBC/checkpoints/2026_07_ibc/Ibc2c16_c256_imnet,dfo,5,False,turned_left,1,cuda,32,253,8,8.317,8.285,8.435,0.12,243.416,1.052,120.23,6,56.8309,
ibc,/home/liralab-widowx/Q3CIBC/checkpoints/2026_07_ibc/Ibc2c16_c256_imnet,dfo,5,False,upside_down,0,cuda,214,429,2,8.271,8.254,8.307,0.11,243.156,4.126,120.9,6,56.8309,
ibc,/home/liralab-widowx/Q3CIBC/checkpoints/2026_07_ibc/Ibc2c16_c256_imnet,dfo,5,False,upside_down,1,cuda,313,626,2,8.26,8.238,8.292,0.166,237.574,4.13,121.06,6,56.8309,
ibc,/home/liralab-widowx/Q3CIBC/checkpoints/2026_07_ibc/Ibc2c16_c256_imnet,dfo,5,False,upside_down,0,cuda,71,281,4,8.285,8.247,8.603,0.16,229.723,2.093,120.71,6,56.8309,
ibc,/home/liralab-widowx/Q3CIBC/checkpoints/2026_07_ibc/Ibc2c16_c256_imnet,dfo,5,False,upside_down,1,cuda,99,393,4,8.286,8.271,8.327,0.074,232.726,2.087,120.69,6,56.8309,
ibc,/home/liralab-widowx/Q3CIBC/checkpoints/2026_07_ibc/Ibc2c16_c256_imnet,dfo,5,False,upside_down,0,cuda,38,302,8,8.287,8.255,8.32,0.173,240.547,1.043,120.67,6,56.8309,
ibc,/home/liralab-widowx/Q3CIBC/checkpoints/2026_07_ibc/Ibc2c16_c256_imnet,dfo,5,False,upside_down,1,cuda,70,557,8,8.33,8.251,8.535,0.455,229.935,1.047,120.04,6,56.8309,
ibc,/home/liralab-widowx/Q3CIBC/checkpoints/2026_07_ibc/Ibc2c16_c256_imnet,dfo,5,False,top_right,0,cuda,283,566,2,8.269,8.257,8.315,0.075,235.591,4.135,120.93,6,56.8309,
ibc,/home/liralab-widowx/Q3CIBC/checkpoints/2026_07_ibc/Ibc2c16_c256_imnet,dfo,5,False,top_right,1,cuda,399,798,2,8.314,8.281,8.352,0.228,231.964,4.157,120.27,6,56.8309,
ibc,/home/liralab-widowx/Q3CIBC/checkpoints/2026_07_ibc/Ibc2c16_c256_imnet,dfo,5,False,top_right,0,cuda,189,756,4,8.292,8.278,8.329,0.09,233.596,2.073,120.6,6,56.8309,
ibc,/home/liralab-widowx/Q3CIBC/checkpoints/2026_07_ibc/Ibc2c16_c256_imnet,dfo,5,False,top_right,1,cuda,225,900,4,8.288,8.271,8.318,0.104,229.322,2.072,120.66,6,56.8309,
ibc,/home/liralab-widowx/Q3CIBC/checkpoints/2026_07_ibc/Ibc2c16_c256_imnet,dfo,5,False,top_right,0,cuda,69,550,8,8.291,8.264,8.392,0.128,237.537,1.04,120.62,6,56.8309,
ibc,/home/liralab-widowx/Q3CIBC/checkpoints/2026_07_ibc/Ibc2c16_c256_imnet,dfo,5,False,top_right,1,cuda,31,241,8,8.274,8.256,8.313,0.09,225.139,1.064,120.86,6,56.8309,
ibc,/home/liralab-widowx/Q3CIBC/checkpoints/2026_07_ibc/Ibc2c16_c256_imnet,dfo,5,False,top_right,2,cuda,41,324,8,8.314,8.265,8.435,0.2,233.546,1.052,120.28,6,56.8309,
ibc,/home/liralab-widowx/Q3CIBC/checkpoints/2026_07_ibc/Ibc2c16_c256_imnet,dfo,5,False,top_right,3,cuda,53,420,8,8.271,8.266,8.316,0.039,234.202,1.044,120.9,6,56.8309,
ibc,/home/liralab-widowx/Q3CIBC/checkpoints/2026_07_ibc/Ibc2c16_c256_imnet,dfo,5,False,bottom_right,0,cuda,322,645,2,8.275,8.258,8.3,0.177,238.201,4.131,120.85,6,56.8309,
ibc,/home/liralab-widowx/Q3CIBC/checkpoints/2026_07_ibc/Ibc2c16_c256_imnet,dfo,5,False,bottom_right,1,cuda,309,618,2,8.272,8.255,8.313,0.091,234.51,4.136,120.89,6,56.8309,
ibc,/home/liralab-widowx/Q3CIBC/checkpoints/2026_07_ibc/Ibc2c16_c256_imnet,dfo,5,False,bottom_right,0,cuda,225,900,4,8.281,8.254,8.327,0.126,230.712,2.07,120.76,6,56.8309,
ibc,/home/liralab-widowx/Q3CIBC/checkpoints/2026_07_ibc/Ibc2c16_c256_imnet,dfo,5,False,bottom_right,1,cuda,167,668,4,8.303,8.264,8.301,0.45,229.987,2.076,120.44,6,56.8309,
ibc,/home/liralab-widowx/Q3CIBC/checkpoints/2026_07_ibc/Ibc2c16_c256_imnet,dfo,5,False,bottom_right,0,cuda,61,486,8,8.281,8.259,8.342,0.12,246.882,1.039,120.76,6,56.8309,
ibc,/home/liralab-widowx/Q3CIBC/checkpoints/2026_07_ibc/Ibc2c16_c256_imnet,dfo,5,False,bottom_right,1,cuda,98,781,8,8.294,8.265,8.322,0.157,234.505,1.041,120.57,6,56.8309,
q3c,/home/liralab-widowx/Q3CIBC/checkpoints/2026_07/L2c_ch16_scratch,argmax,5,False,top,0,cuda,253,506,2,11.132,10.982,12.053,0.869,219.403,5.566,89.83,1.296,45.5091,28.1631
q3c,/home/liralab-widowx/Q3CIBC/checkpoints/2026_07/L2c_ch16_scratch,argmax,5,False,top,1,cuda,290,580,2,11.018,10.931,11.535,0.482,217.792,5.509,90.76,1.19,45.5091,28.1631
q3c,/home/liralab-widowx/Q3CIBC/checkpoints/2026_07/L2c_ch16_scratch,argmax,5,False,top,2,cuda,111,222,2,11.091,10.923,11.867,1.139,209.533,5.546,90.16,1.225,45.5091,28.1631
q3c,/home/liralab-widowx/Q3CIBC/checkpoints/2026_07/L2c_ch16_scratch,argmax,5,False,top,3,cuda,126,252,2,11.125,10.945,11.95,0.633,208.547,5.563,89.89,1.437,45.5091,28.1631
q3c,/home/liralab-widowx/Q3CIBC/checkpoints/2026_07/L2c_ch16_scratch,argmax,5,False,top,4,cuda,130,260,2,11.216,10.951,12.066,1.013,217,5.608,89.16,1.654,45.5091,28.1631
q3c,/home/liralab-widowx/Q3CIBC/checkpoints/2026_07/L2c_ch16_scratch,argmax,5,False,top,0,cuda,110,440,4,11.177,10.934,12.01,0.638,206.512,2.794,89.47,1.864,45.5091,28.1631
q3c,/home/liralab-widowx/Q3CIBC/checkpoints/2026_07/L2c_ch16_scratch,argmax,5,False,top,1,cuda,225,900,4,11.183,10.972,12.079,0.567,215.773,2.796,89.42,1.867,45.5091,28.1631
q3c,/home/liralab-widowx/Q3CIBC/checkpoints/2026_07/L2c_ch16_scratch,argmax,5,False,top,0,cuda,55,433,8,11.157,10.992,12.095,0.843,212.933,1.417,89.63,1.364,45.5091,28.1631
q3c,/home/liralab-widowx/Q3CIBC/checkpoints/2026_07/L2c_ch16_scratch,argmax,5,False,top,1,cuda,113,900,8,11.189,10.969,11.432,1.812,208.994,1.405,89.37,1.221,45.5091,28.1631
q3c,/home/liralab-widowx/Q3CIBC/checkpoints/2026_07/L2c_ch16_scratch,argmax,5,False,top,2,cuda,1,4,8,218.173,218.173,218.173,0,218.173,54.543,4.58,1,45.5091,28.1631
q3c,/home/liralab-widowx/Q3CIBC/checkpoints/2026_07/L2c_ch16_scratch,argmax,5,False,bottom,0,cuda,282,563,2,11.189,10.958,12.021,0.679,209.841,5.604,89.38,2.046,45.5091,28.1631
q3c,/home/liralab-widowx/Q3CIBC/checkpoints/2026_07/L2c_ch16_scratch,argmax,5,False,bottom,0,cuda,128,256,2,11.109,10.931,11.915,1.017,206.654,5.555,90.02,1.508,45.5091,28.1631
q3c,/home/liralab-widowx/Q3CIBC/checkpoints/2026_07/L2c_ch16_scratch,argmax,5,False,bottom,1,cuda,202,404,2,11.064,10.909,11.925,0.553,215.631,5.532,90.38,1.47,45.5091,28.1631
q3c,/home/liralab-widowx/Q3CIBC/checkpoints/2026_07/L2c_ch16_scratch,argmax,5,False,bottom,0,cuda,168,670,4,11.177,11.003,12.108,0.543,215.541,2.803,89.47,1.625,45.5091,28.1631
q3c,/home/liralab-widowx/Q3CIBC/checkpoints/2026_07/L2c_ch16_scratch,argmax,5,False,bottom,1,cuda,169,674,4,11.307,10.967,12.033,1.39,204.542,2.835,88.44,2.124,45.5091,28.1631
q3c,/home/liralab-widowx/Q3CIBC/checkpoints/2026_07/L2c_ch16_scratch,argmax,5,False,bottom,1,cuda,182,728,4,11.137,10.982,12.026,0.588,212.48,2.784,89.79,1.495,45.5091,28.1631
q3c,/home/liralab-widowx/Q3CIBC/checkpoints/2026_07/L2c_ch16_scratch,argmax,5,False,bottom,2,cuda,1,3,4,219.17,219.17,219.17,0,219.17,73.057,4.56,1,45.5091,28.1631
q3c,/home/liralab-widowx/Q3CIBC/checkpoints/2026_07/L2c_ch16_scratch,argmax,5,False,bottom,0,cuda,113,900,8,11.201,10.958,11.97,1.621,204.107,1.406,89.28,1.398,45.5091,28.1631
q3c,/home/liralab-widowx/Q3CIBC/checkpoints/2026_07/L2c_ch16_scratch,argmax,5,False,bottom,1,cuda,85,674,8,11.336,11.012,12.081,1.475,203.902,1.43,88.21,1.706,45.5091,28.1631
q3c,/home/liralab-widowx/Q3CIBC/checkpoints/2026_07/L2c_ch16_scratch,argmax,5,False,bottom,2,cuda,113,900,8,11.083,10.962,11.486,0.795,213.281,1.392,90.22,1.044,45.5091,28.1631
q3c,/home/liralab-widowx/Q3CIBC/checkpoints/2026_07/L2c_ch16_scratch,argmax,5,False,left,0,cuda,450,900,2,11.36,10.981,12.044,0.617,205.639,5.68,88.03,3,45.5091,28.1631
q3c,/home/liralab-widowx/Q3CIBC/checkpoints/2026_07/L2c_ch16_scratch,argmax,5,False,left,1,cuda,2,4,2,10.843,10.843,10.843,0,210.676,5.422,92.22,1,45.5091,28.1631
q3c,/home/liralab-widowx/Q3CIBC/checkpoints/2026_07/L2c_ch16_scratch,argmax,5,False,left,2,cuda,242,484,2,11.197,10.978,12.029,0.584,215.341,5.599,89.31,1.992,45.5091,28.1631
q3c,/home/liralab-widowx/Q3CIBC/checkpoints/2026_07/L2c_ch16_scratch,argmax,5,False,left,0,cuda,177,706,4,11.155,10.937,11.958,0.603,207.973,2.797,89.65,1.819,45.5091,28.1631
q3c,/home/liralab-widowx/Q3CIBC/checkpoints/2026_07/L2c_ch16_scratch,argmax,5,False,left,1,cuda,1,5,4,214.845,214.845,214.845,0,214.845,42.969,4.65,1,45.5091,28.1631
q3c,/home/liralab-widowx/Q3CIBC/checkpoints/2026_07/L2c_ch16_scratch,argmax,5,False,left,2,cuda,141,564,4,11.104,10.899,11.869,1.611,209.742,2.776,90.06,1.319,45.5091,28.1631
q3c,/home/liralab-widowx/Q3CIBC/checkpoints/2026_07/L2c_ch16_scratch,argmax,5,False,left,3,cuda,4,17,4,10.893,10.893,10.905,0.013,208.89,2.563,91.8,1,45.5091,28.1631
q3c,/home/liralab-widowx/Q3CIBC/checkpoints/2026_07/L2c_ch16_scratch,argmax,5,False,left,0,cuda,98,779,8,11.164,10.914,11.984,1.211,210.582,1.405,89.57,1.612,45.5091,28.1631
q3c,/home/liralab-widowx/Q3CIBC/checkpoints/2026_07/L2c_ch16_scratch,argmax,5,False,left,1,cuda,113,900,8,11.049,10.897,11.846,0.847,213.953,1.387,90.5,1.221,45.5091,28.1631
q3c,/home/liralab-widowx/Q3CIBC/checkpoints/2026_07/L2c_ch16_scratch,argmax,5,False,right,0,cuda,171,341,2,11.172,10.91,12.086,0.587,213.828,5.602,89.51,1.965,45.5091,28.1631
q3c,/home/liralab-widowx/Q3CIBC/checkpoints/2026_07/L2c_ch16_scratch,argmax,5,False,right,1,cuda,129,257,2,11.139,10.891,11.984,0.701,215.756,5.591,89.77,2.008,45.5091,28.1631
q3c,/home/liralab-widowx/Q3CIBC/checkpoints/2026_07/L2c_ch16_scratch,argmax,5,False,right,0,cuda,93,372,4,11.334,10.972,12.127,1.182,218.552,2.833,88.23,2.183,45.5091,28.1631
q3c,/home/liralab-widowx/Q3CIBC/checkpoints/2026_07/L2c_ch16_scratch,argmax,5,False,right,1,cuda,87,348,4,11.036,10.878,11.852,0.817,199.694,2.759,90.61,1.287,45.5091,28.1631
q3c,/home/liralab-widowx/Q3CIBC/checkpoints/2026_07/L2c_ch16_scratch,argmax,5,False,right,0,cuda,47,373,8,11.33,10.899,11.983,1.907,215.886,1.428,88.26,1.745,45.5091,28.1631
q3c,/home/liralab-widowx/Q3CIBC/checkpoints/2026_07/L2c_ch16_scratch,argmax,5,False,right,1,cuda,19,146,8,10.962,10.909,11.848,0.227,218.686,1.427,91.23,1,45.5091,28.1631
q3c,/home/liralab-widowx/Q3CIBC/checkpoints/2026_07/L2c_ch16_scratch,dfo,5,False,right,0,cuda,12,90,8,11.398,11.309,12.228,0.281,217.059,1.52,87.74,6,47.1813,28.1631
q3c,/home/liralab-widowx/Q3CIBC/checkpoints/2026_07/L2c_ch16_scratch,argmax,5,False,turned_right,0,cuda,147,294,2,11.028,10.888,11.71,1.05,218.613,5.514,90.68,1.238,45.5091,28.1631
q3c,/home/liralab-widowx/Q3CIBC/checkpoints/2026_07/L2c_ch16_scratch,argmax,5,False,turned_right,1,cuda,288,577,2,11.049,10.924,11.676,0.848,215.595,5.515,90.5,1.191,45.5091,28.1631
q3c,/home/liralab-widowx/Q3CIBC/checkpoints/2026_07/L2c_ch16_scratch,argmax,5,False,turned_right,2,cuda,132,265,2,11.024,10.891,11.712,0.649,214.57,5.491,90.71,1.189,45.5091,28.1631
q3c,/home/liralab-widowx/Q3CIBC/checkpoints/2026_07/L2c_ch16_scratch,argmax,5,False,turned_right,0,cuda,134,535,4,11.117,10.962,12.047,0.546,214.58,2.785,89.95,1.56,45.5091,28.1631
q3c,/home/liralab-widowx/Q3CIBC/checkpoints/2026_07/L2c_ch16_scratch,argmax,5,False,turned_right,0,cuda,185,740,4,10.991,10.92,11.214,0.515,222.265,2.748,90.98,1.054,45.5091,28.1631
q3c,/home/liralab-widowx/Q3CIBC/checkpoints/2026_07/L2c_ch16_scratch,argmax,5,False,turned_right,1,cuda,1,2,4,220.455,220.455,220.455,0,220.455,110.228,4.54,1,45.5091,28.1631
q3c,/home/liralab-widowx/Q3CIBC/checkpoints/2026_07/L2c_ch16_scratch,argmax,5,False,turned_right,1,cuda,222,885,4,11.03,10.906,11.93,0.462,215.843,2.767,90.66,1.338,45.5091,28.1631
q3c,/home/liralab-widowx/Q3CIBC/checkpoints/2026_07/L2c_ch16_scratch,argmax,5,False,turned_right,0,cuda,99,785,8,11.104,10.916,11.916,1.194,209.644,1.4,90.06,1.253,45.5091,28.1631
q3c,/home/liralab-widowx/Q3CIBC/checkpoints/2026_07/L2c_ch16_scratch,argmax,5,False,turned_right,1,cuda,44,352,8,11.071,10.894,11.019,1.087,214.618,1.384,90.33,1.114,45.5091,28.1631
q3c,/home/liralab-widowx/Q3CIBC/checkpoints/2026_07/L2c_ch16_scratch,argmax,5,False,turned_right,2,cuda,102,814,8,11.004,10.897,11.14,0.752,210.92,1.379,90.88,1.098,45.5091,28.1631
q3c,/home/liralab-widowx/Q3CIBC/checkpoints/2026_07/L2c_ch16_scratch,argmax,5,False,turned_right,3,cuda,61,484,8,11.124,10.899,11.347,1.412,206.55,1.402,89.89,1.164,45.5091,28.1631
q3c,/home/liralab-widowx/Q3CIBC/checkpoints/2026_07/L2c_ch16_scratch,argmax,5,False,turned_left,0,cuda,450,900,2,11.1,10.919,11.966,0.704,207.224,5.55,90.09,1.644,45.5091,28.1631
q3c,/home/liralab-widowx/Q3CIBC/checkpoints/2026_07/L2c_ch16_scratch,argmax,5,False,turned_left,1,cuda,387,774,2,11.053,10.954,11.974,0.391,206.942,5.527,90.47,1.31,45.5091,28.1631
q3c,/home/liralab-widowx/Q3CIBC/checkpoints/2026_07/L2c_ch16_scratch,argmax,5,False,turned_left,2,cuda,95,191,2,11.138,10.906,12.014,1.382,208.631,5.54,89.78,1.211,45.5091,28.1631
q3c,/home/liralab-widowx/Q3CIBC/checkpoints/2026_07/L2c_ch16_scratch,argmax,5,False,turned_left,3,cuda,232,463,2,10.992,10.901,11.039,0.926,220.066,5.508,90.97,1.022,45.5091,28.1631
q3c,/home/liralab-widowx/Q3CIBC/checkpoints/2026_07/L2c_ch16_scratch,argmax,5,False,turned_left,4,cuda,354,709,2,10.914,10.892,11.028,0.109,214.05,5.449,91.63,1,45.5091,28.1631
q3c,/home/liralab-widowx/Q3CIBC/checkpoints/2026_07/L2c_ch16_scratch,argmax,5,False,turned_left,5,cuda,121,242,2,11.088,10.936,11.262,0.886,219.291,5.544,90.19,1.083,45.5091,28.1631
q3c,/home/liralab-widowx/Q3CIBC/checkpoints/2026_07/L2c_ch16_scratch,argmax,5,False,turned_left,0,cuda,151,605,4,10.912,10.881,10.987,0.132,212.285,2.723,91.64,1,45.5091,28.1631
q3c,/home/liralab-widowx/Q3CIBC/checkpoints/2026_07/L2c_ch16_scratch,argmax,5,False,turned_left,1,cuda,186,742,4,10.951,10.892,11.104,0.32,211.711,2.745,91.31,1,45.5091,28.1631
q3c,/home/liralab-widowx/Q3CIBC/checkpoints/2026_07/L2c_ch16_scratch,argmax,5,False,turned_left,2,cuda,97,388,4,11.001,10.924,11.133,0.429,208.007,2.75,90.9,1,45.5091,28.1631
q3c,/home/liralab-widowx/Q3CIBC/checkpoints/2026_07/L2c_ch16_scratch,argmax,5,False,turned_left,0,cuda,80,635,8,10.901,10.885,10.984,0.092,225.191,1.373,91.74,1,45.5091,28.1631
q3c,/home/liralab-widowx/Q3CIBC/checkpoints/2026_07/L2c_ch16_scratch,argmax,5,False,turned_left,1,cuda,113,900,8,10.995,10.907,11.05,0.645,216.507,1.381,90.95,1.088,45.5091,28.1631
q3c,/home/liralab-widowx/Q3CIBC/checkpoints/2026_07/L2c_ch16_scratch,argmax,5,False,upside_down,0,cuda,211,422,2,11.023,10.914,11.176,0.939,214.545,5.511,90.72,1.095,45.5091,28.1631
q3c,/home/liralab-widowx/Q3CIBC/checkpoints/2026_07/L2c_ch16_scratch,argmax,5,False,upside_down,1,cuda,283,565,2,10.978,10.885,11.269,0.838,215.683,5.499,91.09,1.071,45.5091,28.1631
q3c,/home/liralab-widowx/Q3CIBC/checkpoints/2026_07/L2c_ch16_scratch,argmax,5,False,upside_down,0,cuda,188,752,4,10.932,10.898,11.122,0.16,212.216,2.733,91.47,1,45.5091,28.1631
q3c,/home/liralab-widowx/Q3CIBC/checkpoints/2026_07/L2c_ch16_scratch,argmax,5,False,upside_down,1,cuda,191,764,4,10.992,10.915,11.552,0.488,213.29,2.748,90.97,1.157,45.5091,28.1631
q3c,/home/liralab-widowx/Q3CIBC/checkpoints/2026_07/L2c_ch16_scratch,argmax,5,False,upside_down,0,cuda,98,778,8,10.996,10.896,11.034,0.809,209.097,1.385,90.95,1.051,45.5091,28.1631
q3c,/home/liralab-widowx/Q3CIBC/checkpoints/2026_07/L2c_ch16_scratch,argmax,5,False,upside_down,1,cuda,86,684,8,10.941,10.882,11.369,0.217,207.586,1.376,91.4,1,45.5091,28.1631
q3c,/home/liralab-widowx/Q3CIBC/checkpoints/2026_07/L2c_ch16_scratch,argmax,5,False,top_right,0,cuda,407,813,2,11.338,10.967,12.101,0.842,218.62,5.676,88.2,2.585,45.5091,28.1631
q3c,/home/liralab-widowx/Q3CIBC/checkpoints/2026_07/L2c_ch16_scratch,argmax,5,False,top_right,0,cuda,376,751,2,11.257,10.937,11.99,0.921,206.088,5.636,88.83,2.383,45.5091,28.1631
q3c,/home/liralab-widowx/Q3CIBC/checkpoints/2026_07/L2c_ch16_scratch,argmax,5,False,top_right,0,cuda,343,686,2,11.136,10.902,11.98,0.571,209.77,5.568,89.8,1.875,45.5091,28.1631
q3c,/home/liralab-widowx/Q3CIBC/checkpoints/2026_07/L2c_ch16_scratch,argmax,5,False,top_right,0,cuda,450,900,2,11.177,10.936,12.004,0.772,216.971,5.589,89.47,1.867,45.5091,28.1631
q3c,/home/liralab-widowx/Q3CIBC/checkpoints/2026_07/L2c_ch16_scratch,argmax,5,False,top_right,1,cuda,267,534,2,11.074,10.892,11.955,0.86,207.086,5.537,90.3,1.562,45.5091,28.1631
q3c,/home/liralab-widowx/Q3CIBC/checkpoints/2026_07/L2c_ch16_scratch,argmax,5,False,top_right,2,cuda,367,735,2,11.209,10.93,12.015,0.634,213.528,5.597,89.22,2.158,45.5091,28.1631
q3c,/home/liralab-widowx/Q3CIBC/checkpoints/2026_07/L2c_ch16_scratch,argmax,5,False,top_right,0,cuda,196,782,4,11.148,10.955,12.053,0.561,217.171,2.794,89.7,1.689,45.5091,28.1631
q3c,/home/liralab-widowx/Q3CIBC/checkpoints/2026_07/L2c_ch16_scratch,argmax,5,False,top_right,1,cuda,203,811,4,11.147,10.958,12.038,0.666,222.264,2.79,89.71,1.542,45.5091,28.1631
q3c,/home/liralab-widowx/Q3CIBC/checkpoints/2026_07/L2c_ch16_scratch,argmax,5,False,top_right,2,cuda,196,783,4,10.991,10.893,11.916,0.508,217.054,2.751,90.99,1.23,45.5091,28.1631
q3c,/home/liralab-widowx/Q3CIBC/checkpoints/2026_07/L2c_ch16_scratch,argmax,5,False,top_right,0,cuda,84,672,8,11.122,10.939,11.12,1.458,215.906,1.39,89.91,1.06,45.5091,28.1631
q3c,/home/liralab-widowx/Q3CIBC/checkpoints/2026_07/L2c_ch16_scratch,argmax,5,False,top_right,1,cuda,77,609,8,11,10.905,11.062,0.604,207.026,1.391,90.91,1.13,45.5091,28.1631
q3c,/home/liralab-widowx/Q3CIBC/checkpoints/2026_07/L2c_ch16_scratch,argmax,5,False,top_right,2,cuda,83,662,8,11.118,10.97,11.606,0.858,227.89,1.394,89.94,1.241,45.5091,28.1631
q3c,/home/liralab-widowx/Q3CIBC/checkpoints/2026_07/L2c_ch16_scratch,argmax,5,False,bottom_right,0,cuda,450,900,2,11.152,10.908,12.001,0.69,214.631,5.576,89.67,1.956,45.5091,28.1631
q3c,/home/liralab-widowx/Q3CIBC/checkpoints/2026_07/L2c_ch16_scratch,argmax,5,False,bottom_right,1,cuda,450,900,2,11.16,10.947,11.98,0.726,213.822,5.58,89.61,1.778,45.5091,28.1631
q3c,/home/liralab-widowx/Q3CIBC/checkpoints/2026_07/L2c_ch16_scratch,argmax,5,False,bottom_right,2,cuda,2,3,2,10.921,10.921,10.921,0,209.652,7.281,91.57,1,45.5091,28.1631
q3c,/home/liralab-widowx/Q3CIBC/checkpoints/2026_07/L2c_ch16_scratch,argmax,5,False,bottom_right,3,cuda,351,703,2,11.229,10.962,12.047,0.556,212.383,5.606,89.06,2.211,45.5091,28.1631
q3c,/home/liralab-widowx/Q3CIBC/checkpoints/2026_07/L2c_ch16_scratch,argmax,5,False,bottom_right,0,cuda,225,900,4,11.014,10.933,11.33,0.484,216.638,2.754,90.79,1.2,45.5091,28.1631
q3c,/home/liralab-widowx/Q3CIBC/checkpoints/2026_07/L2c_ch16_scratch,argmax,5,False,bottom_right,1,cuda,225,900,4,11.222,10.927,11.987,0.633,216.729,2.806,89.11,2.4,45.5091,28.1631
q3c,/home/liralab-widowx/Q3CIBC/checkpoints/2026_07/L2c_ch16_scratch,argmax,5,False,bottom_right,2,cuda,209,835,4,11.138,10.916,12.014,1.273,220.936,2.788,89.78,1.526,45.5091,28.1631
q3c,/home/liralab-widowx/Q3CIBC/checkpoints/2026_07/L2c_ch16_scratch,argmax,5,False,bottom_right,3,cuda,214,856,4,11.293,10.967,12.141,0.747,212.832,2.823,88.55,2.238,45.5091,28.1631
q3c,/home/liralab-widowx/Q3CIBC/checkpoints/2026_07/L2c_ch16_scratch,argmax,5,False,bottom_right,4,cuda,225,900,4,11.13,10.904,11.996,0.75,209.084,2.782,89.85,1.689,45.5091,28.1631
q3c,/home/liralab-widowx/Q3CIBC/checkpoints/2026_07/L2c_ch16_scratch,argmax,5,False,bottom_right,0,cuda,54,427,8,11.036,10.862,11.575,0.793,221.355,1.396,90.61,1,45.5091,28.1631
q3c,/home/liralab-widowx/Q3CIBC/checkpoints/2026_07/L2c_ch16_scratch,argmax,5,False,bottom_right,1,cuda,113,900,8,11.184,10.913,11.933,1.141,213.019,1.404,89.41,1.841,45.5091,28.1631
q3c,/home/liralab-widowx/Q3CIBC/checkpoints/2026_07/L2c_ch16_scratch,argmax,5,False,bottom_right,2,cuda,113,900,8,11.164,10.938,12.051,0.722,218.019,1.402,89.58,1.752,45.5091,28.1631
dp,/home/liralab-widowx/Q3CIBC/checkpoints/2026_07_dp_c16/h01_resnet18_k16_s11_350k,ddim,5,False,top,0,cuda,225,900,4,3.643,3.605,3.736,0.324,204.148,0.911,274.51,5,11.2922,13.3101
dp,/home/liralab-widowx/Q3CIBC/checkpoints/2026_07_dp_c16/h01_resnet18_k16_s11_350k,ddim,5,False,top,1,cuda,225,900,4,3.623,3.607,3.718,0.136,207.514,0.906,275.99,5,11.2922,13.3101
dp,/home/liralab-widowx/Q3CIBC/checkpoints/2026_07_dp_c16/h01_resnet18_k16_s11_350k,ddim,5,False,top,0,cuda,113,900,8,3.569,3.548,3.68,0.071,201.709,0.448,280.22,5,11.2922,13.3101
dp,/home/liralab-widowx/Q3CIBC/checkpoints/2026_07_dp_c16/h01_resnet18_k16_s11_350k,ddim,5,False,top,1,cuda,101,804,8,3.641,3.621,3.732,0.092,203.895,0.457,274.65,5,11.2922,13.3101
dp,/home/liralab-widowx/Q3CIBC/checkpoints/2026_07_dp_c16/h01_resnet18_k16_s11_350k,ddim,5,False,bottom,0,cuda,438,439,1,3.551,3.52,3.627,0.286,198.61,3.543,281.63,5,11.2922,13.3101
dp,/home/liralab-widowx/Q3CIBC/checkpoints/2026_07_dp_c16/h01_resnet18_k16_s11_350k,ddim,5,False,bottom,1,cuda,900,900,1,3.575,3.557,3.678,0.127,203.343,3.575,279.71,5,11.2922,13.3101
dp,/home/liralab-widowx/Q3CIBC/checkpoints/2026_07_dp_c16/h01_resnet18_k16_s11_350k,ddim,5,False,bottom,0,cuda,450,900,2,3.572,3.542,3.764,0.138,207.221,1.786,279.99,5,11.2922,13.3101
dp,/home/liralab-widowx/Q3CIBC/checkpoints/2026_07_dp_c16/h01_resnet18_k16_s11_350k,ddim,5,False,bottom,1,cuda,2,3,2,3.569,3.569,3.569,0,208.957,2.379,280.22,5,11.2922,13.3101
dp,/home/liralab-widowx/Q3CIBC/checkpoints/2026_07_dp_c16/h01_resnet18_k16_s11_350k,ddim,5,False,bottom,2,cuda,450,900,2,3.556,3.537,3.628,0.263,199.904,1.778,281.19,5,11.2922,13.3101
dp,/home/liralab-widowx/Q3CIBC/checkpoints/2026_07_dp_c16/h01_resnet18_k16_s11_350k,ddim,5,False,bottom,3,cuda,3,6,2,3.562,3.562,3.594,0.045,201.732,1.781,280.73,5,11.2922,13.3101
dp,/home/liralab-widowx/Q3CIBC/checkpoints/2026_07_dp_c16/h01_resnet18_k16_s11_350k,ddim,5,False,bottom,0,cuda,225,900,4,3.57,3.553,3.664,0.102,204.106,0.893,280.09,5,11.2922,13.3101
dp,/home/liralab-widowx/Q3CIBC/checkpoints/2026_07_dp_c16/h01_resnet18_k16_s11_350k,ddim,5,False,bottom,1,cuda,1,5,4,203.326,203.326,203.326,0,203.326,40.665,4.92,5,11.2922,13.3101
dp,/home/liralab-widowx/Q3CIBC/checkpoints/2026_07_dp_c16/h01_resnet18_k16_s11_350k,ddim,5,False,bottom,2,cuda,225,900,4,3.628,3.607,3.749,0.119,200.583,0.907,275.63,5,11.2922,13.3101
dp,/home/liralab-widowx/Q3CIBC/checkpoints/2026_07_dp_c16/h01_resnet18_k16_s11_350k,ddim,5,False,bottom,3,cuda,3,9,4,3.623,3.623,3.673,0.071,201.349,1.208,276.04,5,11.2922,13.3101
dp,/home/liralab-widowx/Q3CIBC/checkpoints/2026_07_dp_c16/h01_resnet18_k16_s11_350k,ddim,5,False,bottom,0,cuda,113,900,8,3.596,3.551,3.674,0.349,201.089,0.452,278.07,5,11.2922,13.3101
dp,/home/liralab-widowx/Q3CIBC/checkpoints/2026_07_dp_c16/h01_resnet18_k16_s11_350k,ddim,5,False,bottom,1,cuda,66,528,8,3.587,3.573,3.699,0.064,207.766,0.448,278.76,5,11.2922,13.3101
dp,/home/liralab-widowx/Q3CIBC/checkpoints/2026_07_dp_c16/h01_resnet18_k16_s11_350k,ddim,5,False,bottom,1,cuda,113,900,8,3.556,3.533,3.657,0.097,208.592,0.446,281.25,5,11.2922,13.3101
dp,/home/liralab-widowx/Q3CIBC/checkpoints/2026_07_dp_c16/h01_resnet18_k16_s11_350k,ddim,5,False,bottom,2,cuda,73,578,8,3.56,3.537,3.65,0.103,205.707,0.45,280.88,5,11.2922,13.3101
dp,/home/liralab-widowx/Q3CIBC/checkpoints/2026_07_dp_c16/h01_resnet18_k16_s11_350k,ddim,10,False,top,0,cuda,535,535,1,4.646,4.613,4.856,0.129,205.905,4.646,215.26,10,11.3027,13.3101
dp,/home/liralab-widowx/Q3CIBC/checkpoints/2026_07_dp_c16/h01_resnet18_k16_s11_350k,ddim,10,False,top,1,cuda,571,572,1,4.632,4.602,4.732,0.243,206.683,4.624,215.89,10,11.3027,13.3101
dp,/home/liralab-widowx/Q3CIBC/checkpoints/2026_07_dp_c16/h01_resnet18_k16_s11_350k,ddim,25,False,top,0,cuda,369,369,1,7.589,7.495,7.776,0.681,208.578,7.589,131.76,25,11.3341,13.3101
dp,/home/liralab-widowx/Q3CIBC/checkpoints/2026_07_dp_c16/h01_resnet18_k16_s11_350k,ddim,25,False,top,1,cuda,575,575,1,7.484,7.433,7.709,0.431,206.79,7.484,133.61,25,11.3341,13.3101
dp,/home/liralab-widowx/Q3CIBC/checkpoints/2026_07_dp_c16/h01_resnet18_k16_s11_350k,ddim,10,False,top,0,cuda,336,673,2,4.531,4.498,4.632,0.285,203.706,2.262,220.69,10,11.3027,13.3101
dp,/home/liralab-widowx/Q3CIBC/checkpoints/2026_07_dp_c16/h01_resnet18_k16_s11_350k,ddim,10,False,top,1,cuda,450,900,2,4.539,4.5,4.788,0.177,204.957,2.27,220.3,10,11.3027,13.3101
dp,/home/liralab-widowx/Q3CIBC/checkpoints/2026_07_dp_c16/h01_resnet18_k16_s11_350k,ddim,25,False,top,0,cuda,292,584,2,7.382,7.31,7.6,0.597,214.913,3.691,135.47,25,11.3341,13.3101
dp,/home/liralab-widowx/Q3CIBC/checkpoints/2026_07_dp_c16/h01_resnet18_k16_s11_350k,ddim,25,False,top,1,cuda,450,900,2,7.725,7.671,7.907,0.7,207.756,3.862,129.46,25,11.3341,13.3101
dp,/home/liralab-widowx/Q3CIBC/checkpoints/2026_07_dp_c16/h01_resnet18_k16_s11_350k,ddim,10,False,top,0,cuda,225,900,4,4.58,4.556,4.73,0.12,205.922,1.145,218.36,10,11.3027,13.3101
q3c,/home/liralab-widowx/Q3CIBC/checkpoints/2026_07_v2/v2_pushingpixels_exact,argmax,5,False,top,0,cuda,668,668,1,1.712,2.057,2.224,1.274,170.234,1.712,584.03,3.59,3.0028,2.8311
q3c,/home/liralab-widowx/Q3CIBC/checkpoints/2026_07_v2/v2_pushingpixels_exact,argmax,5,False,top,1,cuda,323,323,1,1.499,1.187,2.255,1.782,161.106,1.499,667.1,2.053,3.0028,2.8311
dp,/home/liralab-widowx/Q3CIBC/checkpoints/2026_07_dp_c16/h01_resnet18_k16_s11_350k,ddim,10,False,top,1,cuda,225,900,4,4.581,4.545,4.749,0.201,202.257,1.145,218.31,10,11.3027,13.3101
dp,/home/liralab-widowx/Q3CIBC/checkpoints/2026_07_dp_c16/h01_resnet18_k16_s11_350k,ddim,25,False,top,0,cuda,225,900,4,7.807,7.782,8.039,0.145,209.66,1.952,128.1,25,11.3341,13.3101
dp,/home/liralab-widowx/Q3CIBC/checkpoints/2026_07_dp_c16/h01_resnet18_k16_s11_350k,ddim,25,False,top,1,cuda,225,900,4,7.387,7.32,7.638,0.589,203.841,1.847,135.36,25,11.3341,13.3101
dp,/home/liralab-widowx/Q3CIBC/checkpoints/2026_07_dp_c16/h01_resnet18_k16_s11_350k,ddim,10,False,top,0,cuda,113,900,8,4.571,4.511,4.733,0.436,199.775,0.574,218.78,10,11.3027,13.3101
dp,/home/liralab-widowx/Q3CIBC/checkpoints/2026_07_dp_c16/h01_resnet18_k16_s11_350k,ddim,10,False,top,1,cuda,113,900,8,4.551,4.533,4.675,0.122,196.938,0.571,219.75,10,11.3027,13.3101
dp,/home/liralab-widowx/Q3CIBC/checkpoints/2026_07_dp_c16/h01_resnet18_k16_s11_350k,ddim,25,False,top,0,cuda,94,751,8,7.364,7.355,7.56,0.112,207.111,0.922,135.8,25,11.3341,13.3101
dp,/home/liralab-widowx/Q3CIBC/checkpoints/2026_07_dp_c16/h01_resnet18_k16_s11_350k,ddim,25,False,top,1,cuda,96,765,8,7.382,7.359,7.523,0.106,201.735,0.926,135.46,25,11.3341,13.3101
dp,/home/liralab-widowx/Q3CIBC/checkpoints/2026_07_dp_c16/h01_resnet18_k16_s11_350k,ddim,10,False,bottom,0,cuda,900,900,1,4.71,4.67,4.913,0.281,201.688,4.71,212.32,10,11.3027,13.3101
dp,/home/liralab-widowx/Q3CIBC/checkpoints/2026_07_dp_c16/h01_resnet18_k16_s11_350k,ddim,10,False,bottom,1,cuda,5,5,1,4.722,4.718,4.763,0.032,203.168,4.722,211.77,10,11.3027,13.3101
dp,/home/liralab-widowx/Q3CIBC/checkpoints/2026_07_dp_c16/h01_resnet18_k16_s11_350k,ddim,10,False,bottom,2,cuda,373,374,1,4.53,4.481,4.879,0.205,205.868,4.518,220.75,10,11.3027,13.3101
dp,/home/liralab-widowx/Q3CIBC/checkpoints/2026_07_dp_c16/h01_resnet18_k16_s11_350k,ddim,25,False,bottom,0,cuda,900,900,1,7.744,7.708,8.09,0.184,205.977,7.744,129.13,25,11.3341,13.3101
dp,/home/liralab-widowx/Q3CIBC/checkpoints/2026_07_dp_c16/h01_resnet18_k16_s11_350k,ddim,25,False,bottom,1,cuda,2,2,1,7.57,7.57,7.57,0,209.035,7.57,132.11,25,11.3341,13.3101
dp,/home/liralab-widowx/Q3CIBC/checkpoints/2026_07_dp_c16/h01_resnet18_k16_s11_350k,ddim,25,False,bottom,2,cuda,900,900,1,7.687,7.646,8.001,0.197,203.693,7.687,130.09,25,11.3341,13.3101
dp,/home/liralab-widowx/Q3CIBC/checkpoints/2026_07_dp_c16/h01_resnet18_k16_s11_350k,ddpm,100,False,top,0,cuda,900,900,1,16.214,16.056,16.99,1.021,194.006,16.214,61.68,100,11.4914,13.3101
dp,/home/liralab-widowx/Q3CIBC/checkpoints/2026_07_dp_c16/h01_resnet18_k16_s11_350k,ddim,25,False,bottom,2,cuda,270,271,1,7.703,7.676,7.93,0.214,215.168,7.675,129.82,25,11.3341,13.3101
ibc,/home/liralab-widowx/Q3CIBC/checkpoints/2026_07_ibc/Ibc2c16_c256_imnet,dfo,10,False,top,0,cuda,538,538,1,11.171,11.14,11.205,0.183,229.146,11.171,89.51,11,91.0773,
ibc,/home/liralab-widowx/Q3CIBC/checkpoints/2026_07_ibc/Ibc2c16_c256_imnet,dfo,10,False,top,1,cuda,900,900,1,11.204,11.179,11.241,0.187,230.851,11.204,89.25,11,91.0773,
ibc,/home/liralab-widowx/Q3CIBC/checkpoints/2026_07_ibc/Ibc2c16_c256_imnet,dfo,10,False,top,2,cuda,900,900,1,11.219,11.198,11.253,0.126,235.424,11.219,89.14,11,91.0773,
ibc,/home/liralab-widowx/Q3CIBC/checkpoints/2026_07_ibc/Ibc2c16_c256_imnet,dfo,10,False,top,0,cuda,450,900,2,11.206,11.178,11.254,0.229,230.796,5.603,89.24,11,91.0773,
ibc,/home/liralab-widowx/Q3CIBC/checkpoints/2026_07_ibc/Ibc2c16_c256_imnet,dfo,10,False,top,1,cuda,450,900,2,11.221,11.196,11.262,0.137,227.873,5.611,89.12,11,91.0773,
ibc,/home/liralab-widowx/Q3CIBC/checkpoints/2026_07_ibc/Ibc2c16_c256_imnet,dfo,10,False,top,2,cuda,220,440,2,11.229,11.204,11.347,0.116,236.623,5.614,89.06,11,91.0773,
ibc,/home/liralab-widowx/Q3CIBC/checkpoints/2026_07_ibc/Ibc2c16_c256_imnet,dfo,10,False,top,0,cuda,106,424,4,11.204,11.169,11.231,0.173,229.939,2.801,89.26,11,91.0773,
ibc,/home/liralab-widowx/Q3CIBC/checkpoints/2026_07_ibc/Ibc2c16_c256_imnet,dfo,10,False,top,1,cuda,225,900,4,11.179,11.162,11.26,0.127,240.714,2.795,89.45,11,91.0773,
ibc,/home/liralab-widowx/Q3CIBC/checkpoints/2026_07_ibc/Ibc2c16_c256_imnet,dfo,10,False,top,0,cuda,82,655,8,11.248,11.222,11.272,0.137,240.248,1.408,88.9,11,91.0773,
ibc,/home/liralab-widowx/Q3CIBC/checkpoints/2026_07_ibc/Ibc2c16_c256_imnet,dfo,10,False,top,1,cuda,35,279,8,11.18,11.179,11.223,0.022,236.947,1.403,89.45,11,91.0773,
ibc,/home/liralab-widowx/Q3CIBC/checkpoints/2026_07_ibc/Ibc2c16_c256_imnet,dfo,10,False,top,2,cuda,46,361,8,11.13,11.123,11.195,0.029,230.408,1.418,89.84,11,91.0773,
ibc,/home/liralab-widowx/Q3CIBC/checkpoints/2026_07_ibc/Ibc2c16_c256_imnet,dfo,10,False,top,3,cuda,101,807,8,11.213,11.167,11.245,0.36,234.162,1.403,89.19,11,91.0773,
ibc,/home/liralab-widowx/Q3CIBC/checkpoints/2026_07_ibc/Ibc2c16_c256_imnet,dfo,10,False,bottom,0,cuda,324,324,1,11.223,11.201,11.27,0.125,232.426,11.223,89.1,11,91.0773,
ibc,/home/liralab-widowx/Q3CIBC/checkpoints/2026_07_ibc/Ibc2c16_c256_imnet,dfo,10,False,bottom,1,cuda,900,900,1,11.189,11.165,11.232,0.155,232.318,11.189,89.37,11,91.0773,
ibc,/home/liralab-widowx/Q3CIBC/checkpoints/2026_07_ibc/Ibc2c16_c256_imnet,dfo,10,False,bottom,2,cuda,900,900,1,11.198,11.157,11.242,0.26,243.973,11.198,89.3,11,91.0773,
ibc,/home/liralab-widowx/Q3CIBC/checkpoints/2026_07_ibc/Ibc2c16_c256_imnet,dfo,10,False,bottom,0,cuda,450,900,2,11.221,11.198,11.251,0.157,235.623,5.611,89.12,11,91.0773,
ibc,/home/liralab-widowx/Q3CIBC/checkpoints/2026_07_ibc/Ibc2c16_c256_imnet,dfo,10,False,bottom,1,cuda,450,900,2,11.247,11.23,11.289,0.098,237.166,5.624,88.91,11,91.0773,
ibc,/home/liralab-widowx/Q3CIBC/checkpoints/2026_07_ibc/Ibc2c16_c256_imnet,dfo,10,False,bottom,2,cuda,285,569,2,11.154,11.124,11.186,0.172,231.108,5.587,89.65,11,91.0773,
ibc,/home/liralab-widowx/Q3CIBC/checkpoints/2026_07_ibc/Ibc2c16_c256_imnet,dfo,10,False,bottom,3,cuda,191,382,2,11.139,11.128,11.182,0.079,239.757,5.57,89.77,11,91.0773,
ibc,/home/liralab-widowx/Q3CIBC/checkpoints/2026_07_ibc/Ibc2c16_c256_imnet,dfo,10,False,bottom,4,cuda,209,418,2,11.256,11.218,11.29,0.177,231.478,5.628,88.84,11,91.0773,
ibc,/home/liralab-widowx/Q3CIBC/checkpoints/2026_07_ibc/Ibc2c16_c256_imnet,dfo,10,False,bottom,0,cuda,81,322,4,11.265,11.132,12.104,0.446,241.705,2.834,88.77,11,91.0773,
ibc,/home/liralab-widowx/Q3CIBC/checkpoints/2026_07_ibc/Ibc2c16_c256_imnet,dfo,10,False,bottom,1,cuda,142,567,4,11.136,11.114,11.192,0.12,223.938,2.789,89.8,11,91.0773,
ibc,/home/liralab-widowx/Q3CIBC/checkpoints/2026_07_ibc/Ibc2c16_c256_imnet,dfo,10,False,bottom,2,cuda,106,421,4,11.171,11.153,11.205,0.117,231.725,2.813,89.51,11,91.0773,
ibc,/home/liralab-widowx/Q3CIBC/checkpoints/2026_07_ibc/Ibc2c16_c256_imnet,dfo,10,False,bottom,0,cuda,46,368,8,11.167,11.152,11.205,0.094,237.774,1.396,89.55,11,91.0773,
ibc,/home/liralab-widowx/Q3CIBC/checkpoints/2026_07_ibc/Ibc2c16_c256_imnet,dfo,10,False,bottom,1,cuda,103,818,8,11.2,11.172,11.254,0.132,242.083,1.41,89.29,11,91.0773,
ibc,/home/liralab-widowx/Q3CIBC/checkpoints/2026_07_ibc/Ibc2c16_c256_imnet,dfo,5,False,bottom,0,cuda,495,496,1,8.224,8.201,8.281,0.117,239.617,8.207,121.6,6,56.8309,
ibc,/home/liralab-widowx/Q3CIBC/checkpoints/2026_07_ibc/Ibc2c16_c256_imnet,dfo,5,False,bottom,1,cuda,323,324,1,8.26,8.237,8.352,0.112,237.891,8.234,121.07,6,56.8309,
q3c,/home/liralab-widowx/Q3CIBC/checkpoints/2026_07/L2c_ch16_scratch,argmax,5,False,bottom_right,4,cuda,320,639,2,9.864,9.705,10.755,0.656,271.898,4.94,101.38,1.484,45.5091,28.1631
q3c,/home/liralab-widowx/Q3CIBC/checkpoints/2026_07/L2c_ch16_scratch,argmax,5,False,bottom_right,5,cuda,216,432,2,9.869,9.748,10.763,0.522,261.938,4.934,101.33,1.324,45.5091,28.1631
q3c,/home/liralab-widowx/Q3CIBC/checkpoints/2026_07/L2c_ch16_scratch,argmax,5,False,bottom_right,4,cuda,204,408,2,9.852,9.706,10.704,0.944,348.939,4.926,101.5,1.27,45.5091,28.1631
q3c,/home/liralab-widowx/Q3CIBC/checkpoints/2026_07/L2c_ch16_scratch,argmax,5,False,bottom_right,5,cuda,149,298,2,9.954,9.724,10.782,0.82,250.705,4.977,100.47,1.772,45.5091,28.1631
q3c,/home/liralab-widowx/Q3CIBC/checkpoints/2026_07/L2c_ch16_scratch,argmax,5,False,bottom_right,6,cuda,154,307,2,9.902,9.725,10.45,1.533,257.799,4.967,100.99,1.227,45.5091,28.1631
q3c,/home/liralab-widowx/Q3CIBC/checkpoints/2026_07/L2c_ch16_scratch,argmax,5,False,bottom_right,3,cuda,390,390,1,10.1,9.795,10.87,0.679,258.247,10.1,99.01,2.436,45.5091,28.1631
q3c,/home/liralab-widowx/Q3CIBC/checkpoints/2026_07/L2c_ch16_scratch,argmax,5,False,bottom_right,7,cuda,450,900,2,10.563,10.404,11.436,0.593,199.826,5.281,94.67,1.556,45.5091,28.1631
ibc,/home/liralab-widowx/Q3CIBC/checkpoints/2026_07_ibc/Ibc2c16_c256_imnet,dfo,5,False,left,0,cuda,676,676,1,8.245,8.231,8.276,0.093,238.095,8.245,121.29,6,56.8309,
ibc,/home/liralab-widowx/Q3CIBC/checkpoints/2026_07_ibc/Ibc2c16_c256_imnet,dfo,5,False,left,1,cuda,602,602,1,8.289,8.26,8.386,0.136,239.318,8.289,120.64,6,56.8309,
ibc,/home/liralab-widowx/Q3CIBC/checkpoints/2026_07_ibc/Ibc2c16_c256_imnet,dfo,5,False,left,2,cuda,228,456,2,8.25,8.242,8.285,0.052,237.751,4.125,121.22,6,56.8309,
ibc,/home/liralab-widowx/Q3CIBC/checkpoints/2026_07_ibc/Ibc2c16_c256_imnet,dfo,5,False,left,3,cuda,450,900,2,8.25,8.234,8.287,0.116,238.18,4.125,121.21,6,56.8309,
ibc,/home/liralab-widowx/Q3CIBC/checkpoints/2026_07_ibc/Ibc2c16_c256_imnet,dfo,5,False,left,4,cuda,450,900,2,8.256,8.235,8.284,0.147,242.627,4.128,121.13,6,56.8309,
ibc,/home/liralab-widowx/Q3CIBC/checkpoints/2026_07_ibc/Ibc2c16_c256_imnet,dfo,5,False,left,2,cuda,77,154,2,8.245,8.228,8.275,0.084,224.941,4.122,121.29,6,56.8309,
ibc,/home/liralab-widowx/Q3CIBC/checkpoints/2026_07_ibc/Ibc2c16_c256_imnet,dfo,5,False,left,3,cuda,132,528,4,8.273,8.26,8.303,0.086,231.067,2.068,120.87,6,56.8309,
ibc,/home/liralab-widowx/Q3CIBC/checkpoints/2026_07_ibc/Ibc2c16_c256_imnet,dfo,5,False,left,4,cuda,117,465,4,8.239,8.228,8.291,0.077,244.804,2.073,121.37,6,56.8309,
ibc,/home/liralab-widowx/Q3CIBC/checkpoints/2026_07_ibc/Ibc2c16_c256_imnet,dfo,5,False,left,3,cuda,192,766,4,8.283,8.257,8.345,0.104,236.728,2.076,120.73,6,56.8309,
ibc,/home/liralab-widowx/Q3CIBC/checkpoints/2026_07_ibc/Ibc2c16_c256_imnet,dfo,10,False,left,0,cuda,900,900,1,11.255,11.237,11.293,0.113,253.413,11.255,88.85,11,91.0773,
ibc,/home/liralab-widowx/Q3CIBC/checkpoints/2026_07_ibc/Ibc2c16_c256_imnet,dfo,10,False,left,1,cuda,457,457,1,11.233,11.184,11.253,0.345,242.876,11.233,89.03,11,91.0773,
ibc,/home/liralab-widowx/Q3CIBC/checkpoints/2026_07_ibc/Ibc2c16_c256_imnet,dfo,10,False,left,0,cuda,197,395,2,11.24,11.179,11.345,0.352,230.507,5.606,88.97,11,91.0773,
ibc,/home/liralab-widowx/Q3CIBC/checkpoints/2026_07_ibc/Ibc2c16_c256_imnet,dfo,10,False,left,1,cuda,113,226,2,11.196,11.183,11.226,0.089,247.506,5.598,89.32,11,91.0773,
ibc,/home/liralab-widowx/Q3CIBC/checkpoints/2026_07_ibc/Ibc2c16_c256_imnet,dfo,10,False,left,2,cuda,450,900,2,11.194,11.172,11.252,0.113,237.955,5.597,89.33,11,91.0773,
ibc,/home/liralab-widowx/Q3CIBC/checkpoints/2026_07_ibc/Ibc2c16_c256_imnet,dfo,10,False,left,0,cuda,93,370,4,11.191,11.176,11.255,0.089,239.509,2.813,89.36,11,91.0773,
ibc,/home/liralab-widowx/Q3CIBC/checkpoints/2026_07_ibc/Ibc2c16_c256_imnet,dfo,10,False,left,1,cuda,99,396,4,11.224,11.178,11.35,0.284,254.525,2.806,89.09,11,91.0773,
ibc,/home/liralab-widowx/Q3CIBC/checkpoints/2026_07_ibc/Ibc2c16_c256_imnet,dfo,10,False,left,2,cuda,63,249,4,11.206,11.187,11.254,0.097,232.628,2.835,89.24,11,91.0773,
ibc,/home/liralab-widowx/Q3CIBC/checkpoints/2026_07_ibc/Ibc2c16_c256_imnet,dfo,10,False,left,0,cuda,61,486,8,11.228,11.184,11.279,0.188,246.86,1.409,89.06,11,91.0773,
ibc,/home/liralab-widowx/Q3CIBC/checkpoints/2026_07_ibc/Ibc2c16_c256_imnet,dfo,10,False,left,1,cuda,36,289,8,11.217,11.19,11.252,0.12,247.424,1.397,89.15,11,91.0773,
ibc,/home/liralab-widowx/Q3CIBC/checkpoints/2026_07_ibc/Ibc2c16_c256_imnet,dfo,10,False,left,2,cuda,12,94,8,11.266,11.224,11.683,0.139,239.318,1.438,88.76,11,91.0773,
ibc,/home/liralab-widowx/Q3CIBC/checkpoints/2026_07_ibc/Ibc2c16_c256_imnet,dfo,10,False,right,0,cuda,450,900,2,11.229,11.186,11.294,0.315,243.325,5.615,89.05,11,91.0773,
ibc,/home/liralab-widowx/Q3CIBC/checkpoints/2026_07_ibc/Ibc2c16_c256_imnet,dfo,10,False,right,1,cuda,180,359,2,11.195,11.173,11.25,0.108,236.583,5.613,89.33,11,91.0773,
ibc,/home/liralab-widowx/Q3CIBC/checkpoints/2026_07_ibc/Ibc2c16_c256_imnet,dfo,10,False,right,0,cuda,167,668,4,11.2,11.143,11.206,0.445,228.334,2.8,89.28,11,91.0773,
ibc,/home/liralab-widowx/Q3CIBC/checkpoints/2026_07_ibc/Ibc2c16_c256_imnet,dfo,10,False,right,1,cuda,225,900,4,11.208,11.169,11.239,0.255,239.412,2.802,89.22,11,91.0773,
ibc,/home/liralab-widowx/Q3CIBC/checkpoints/2026_07_ibc/Ibc2c16_c256_imnet,dfo,10,False,right,0,cuda,100,798,8,11.2,11.167,11.238,0.159,236.354,1.404,89.29,11,91.0773,
ibc,/home/liralab-widowx/Q3CIBC/checkpoints/2026_07_ibc/Ibc2c16_c256_imnet,dfo,10,False,right,1,cuda,37,293,8,11.153,11.152,11.186,0.016,236.075,1.408,89.66,11,91.0773,
ibc,/home/liralab-widowx/Q3CIBC/checkpoints/2026_07_ibc/Ibc2c16_c256_imnet,dfo,10,False,turned_right,0,cuda,299,597,2,11.236,11.21,11.272,0.181,246.649,5.627,89.0,11,91.0773,
ibc,/home/liralab-widowx/Q3CIBC/checkpoints/2026_07_ibc/Ibc2c16_c256_imnet,dfo,10,False,turned_right,1,cuda,450,900,2,11.189,11.167,11.229,0.146,254.197,5.594,89.38,11,91.0773,
ibc,/home/liralab-widowx/Q3CIBC/checkpoints/2026_07_ibc/Ibc2c16_c256_imnet,dfo,10,False,turned_right,2,cuda,364,727,2,11.181,11.159,11.213,0.13,252.081,5.598,89.44,11,91.0773,
ibc,/home/liralab-widowx/Q3CIBC/checkpoints/2026_07_ibc/Ibc2c16_c256_imnet,dfo,10,False,turned_right,0,cuda,134,534,4,11.237,11.16,11.266,0.558,239.2,2.82,88.99,11,91.0773,
ibc,/home/liralab-widowx/Q3CIBC/checkpoints/2026_07_ibc/Ibc2c16_c256_imnet,dfo,10,False,turned_right,1,cuda,180,719,4,11.18,11.177,11.229,0.027,247.576,2.799,89.44,11,91.0773,
ibc,/home/liralab-widowx/Q3CIBC/checkpoints/2026_07_ibc/Ibc2c16_c256_imnet,dfo,10,False,turned_right,2,cuda,147,588,4,11.188,11.166,11.211,0.129,230.334,2.797,89.38,11,91.0773,
ibc,/home/liralab-widowx/Q3CIBC/checkpoints/2026_07_ibc/Ibc2c16_c256_imnet,dfo,10,False,turned_right,3,cuda,47,186,4,11.214,11.21,11.253,0.032,227.211,2.834,89.18,11,91.0773,
ibc,/home/liralab-widowx/Q3CIBC/checkpoints/2026_07_ibc/Ibc2c16_c256_imnet,dfo,10,False,turned_right,0,cuda,54,425,8,11.215,11.178,11.724,0.161,238.791,1.425,89.16,11,91.0773,
ibc,/home/liralab-widowx/Q3CIBC/checkpoints/2026_07_ibc/Ibc2c16_c256_imnet,dfo,10,False,turned_right,1,cuda,55,439,8,11.178,11.175,11.212,0.019,260.188,1.4,89.46,11,91.0773,
