algorithm,inference,start_position,refine_iters,exec_horizon,checkpoint,metric,mean,std,n_trials,is_best
dp,ddim,top,5,1,g01_resnet18_s11_350k|h01_resnet18_k16_s11_350k,cam1,0.956,0.0199,3,
dp,ddim,top,5,2,h01_resnet18_k16_s11_350k,cam1,0.8227,0.2007,3,
dp,ddim,top,5,4,h01_resnet18_k16_s11_350k,cam1,0.9443,0.015,2,
dp,ddim,top,5,8,h01_resnet18_k16_s11_350k,cam1,0.9274,0.0151,2,
dp,ddim,top,10,1,g01_resnet18_s11_350k|h01_resnet18_k16_s11_350k,cam1,0.9642,0.0063,3,
dp,ddim,top,10,2,h01_resnet18_k16_s11_350k,cam1,0.9506,0.038,2,
dp,ddim,top,10,4,h01_resnet18_k16_s11_350k,cam1,0.9522,0.0265,2,
dp,ddim,top,10,8,h01_resnet18_k16_s11_350k,cam1,0.9701,0.0051,2,yes
dp,ddim,top,25,1,g01_resnet18_s11_350k|h01_resnet18_k16_s11_350k,cam1,0.948,0.0333,3,
dp,ddim,top,25,2,h01_resnet18_k16_s11_350k,cam1,0.9647,0.0021,2,
dp,ddim,top,25,4,h01_resnet18_k16_s11_350k,cam1,0.9568,0.0126,2,
dp,ddim,top,25,8,h01_resnet18_k16_s11_350k,cam1,0.9007,0.0692,2,
dp,ddim,bottom,5,1,g01_resnet18_s11_350k|h01_resnet18_k16_s11_350k,cam1,0.7038,0.2678,3,
dp,ddim,bottom,5,2,h01_resnet18_k16_s11_350k,cam1,0.9643,0.0086,2,yes
dp,ddim,bottom,5,4,h01_resnet18_k16_s11_350k,cam1,0.866,0.1022,4,
dp,ddim,bottom,5,8,h01_resnet18_k16_s11_350k,cam1,0.5632,0.2498,3,
dp,ddim,bottom,10,1,g01_resnet18_s11_350k|h01_resnet18_k16_s11_350k,cam1,0.8936,0.0621,3,
dp,ddim,bottom,25,1,g01_resnet18_s11_350k|h01_resnet18_k16_s11_350k,cam1,0.88,0.0933,3,
dp,ddim,left,5,1,g01_resnet18_s11_350k,cam1,0.4929,0.4093,2,
dp,ddim,left,10,1,g01_resnet18_s11_350k,cam1,0.9619,0.0245,2,yes
dp,ddim,left,25,1,g01_resnet18_s11_350k,cam1,0.845,0.1039,2,
dp,ddim,right,5,1,g01_resnet18_s11_350k,cam1,0.5057,0.0056,4,
dp,ddim,right,10,1,g01_resnet18_s11_350k,cam1,0.5068,0.0039,4,
dp,ddim,right,25,1,g01_resnet18_s11_350k,cam1,0.5112,0.0016,3,yes
dp,ddim,top_right,5,1,g01_resnet18_s11_350k,cam1,0.4459,0.3519,4,
dp,ddim,top_right,10,1,g01_resnet18_s11_350k,cam1,0.5061,0.2923,3,yes
dp,ddim,top_right,25,1,g01_resnet18_s11_350k,cam1,0.4155,0.2522,8,
dp,ddim,bottom_right,5,1,g01_resnet18_s11_350k,cam1,0.698,0.2634,3,
dp,ddim,bottom_right,10,1,g01_resnet18_s11_350k,cam1,0.794,0.0046,3,
dp,ddim,bottom_right,25,1,g01_resnet18_s11_350k,cam1,0.8954,0.094,3,yes
dp,ddim,turned_left,5,1,g01_resnet18_s11_350k,cam1,0.8278,0.2027,2,yes
dp,ddim,turned_left,10,1,g01_resnet18_s11_350k,cam1,0.6989,0.0,1,
dp,ddim,turned_left,25,1,g01_resnet18_s11_350k|g03_conv_s11_750k,cam1,0.726,0.037,3,
dp,ddim,turned_right,5,1,g01_resnet18_s11_350k,cam1,0.8039,0.0,1,yes
dp,ddim,turned_right,10,1,g01_resnet18_s11_350k,cam1,0.2354,0.1005,2,
dp,ddim,turned_right,25,1,g01_resnet18_s11_350k,cam1,0.7144,0.0011,2,
dp,ddim,upside_down,5,1,g01_resnet18_s11_350k,cam1,0.4316,0.0,1,yes
dp,ddim,upside_down,10,1,g01_resnet18_s11_350k,cam1,0.2811,0.0,1,
dp,ddim,upside_down,25,1,g01_resnet18_s11_350k,cam1,0.3177,0.0,1,
q3c,argmax,top,0,1,L2c_ch16_scratch,cam1,0.7909,0.2729,4,yes
q3c,argmax,bottom,0,1,L2c_ch16_scratch,cam1,0.5334,0.1432,7,yes
q3c,argmax,left,0,1,L1c_ch16_scratch,cam1,0.4794,0.054,2,yes
q3c,argmax,right,0,1,L2c_ch16_scratch,cam1,0.5262,0.0225,2,yes
q3c,argmax,top_right,0,1,L2c_ch16_scratch,cam1,0.4639,0.0636,2,yes
q3c,argmax,bottom_right,0,1,L2c_ch16_scratch,cam1,0.4839,0.0341,2,yes
q3c,argmax,turned_left,0,1,L2c_ch16_scratch,cam1,0.7449,0.0096,3,yes
q3c,argmax,turned_right,0,1,L2c_ch16_scratch,cam1,0.8939,0.0542,3,yes
q3c,argmax,upside_down,0,1,L2c_ch16_scratch,cam1,0.4617,0.0258,4,yes
q3c,argmax_fallback,top,5,1,L2c_ch16_scratch|v2_pushingpixels_exact,cam1,0.9663,0.0187,4,
q3c,argmax_fallback,top,5,2,L2c_ch16_scratch,cam1,0.9682,0.0023,2,yes
q3c,argmax_fallback,top,5,4,L2c_ch16_scratch,cam1,0.9667,0.0107,2,
q3c,argmax_fallback,top,5,8,L2c_ch16_scratch,cam1,0.9607,0.0115,2,
q3c,argmax_fallback,bottom,5,1,L2c_ch16_scratch,cam1,0.9728,0.0069,2,
q3c,argmax_fallback,bottom,5,2,L2c_ch16_scratch,cam1,0.99,0.003,2,yes
q3c,argmax_fallback,bottom,5,4,L2c_ch16_scratch,cam1,0.9376,0.0296,2,
q3c,argmax_fallback,bottom,5,8,L2c_ch16_scratch,cam1,0.8852,0.1432,3,
q3c,argmax_fallback,left,5,1,L2c_ch16_scratch,cam1,0.8857,0.0511,2,
q3c,argmax_fallback,left,5,2,L2c_ch16_scratch,cam1,0.9488,0.0034,2,
q3c,argmax_fallback,left,5,4,L2c_ch16_scratch,cam1,0.9632,0.0075,2,yes
q3c,argmax_fallback,left,5,8,L2c_ch16_scratch,cam1,0.9492,0.0292,2,
q3c,argmax_fallback,right,5,1,L2c_ch16_scratch,cam1,0.5265,0.0128,4,yes
q3c,argmax_fallback,right,5,2,L2c_ch16_scratch,cam1,0.5082,0.0214,2,
q3c,argmax_fallback,right,5,4,L2c_ch16_scratch,cam1,0.5195,0.0064,2,
q3c,argmax_fallback,right,5,8,L2c_ch16_scratch,cam1,0.5219,0.0164,2,
q3c,argmax_fallback,top_right,5,1,L2c_ch16_scratch,cam1,0.9528,0.0116,3,
q3c,argmax_fallback,top_right,5,2,L2c_ch16_scratch,cam1,0.9667,0.0138,2,yes
q3c,argmax_fallback,top_right,5,4,L2c_ch16_scratch,cam1,0.9103,0.0972,3,
q3c,argmax_fallback,top_right,5,8,L2c_ch16_scratch,cam1,0.3937,0.1216,2,
q3c,argmax_fallback,bottom_right,5,1,L2c_ch16_scratch,cam1,0.9428,0.0232,3,yes
q3c,argmax_fallback,bottom_right,5,2,L2c_ch16_scratch,cam1,0.9253,0.0906,3,
q3c,argmax_fallback,bottom_right,5,4,L2c_ch16_scratch,cam1,0.8739,0.1402,3,
q3c,argmax_fallback,bottom_right,5,8,L2c_ch16_scratch,cam1,0.8836,0.0403,2,
q3c,argmax_fallback,turned_left,5,1,L2c_ch16_scratch,cam1,0.7188,0.0046,2,
q3c,argmax_fallback,turned_left,5,2,L2c_ch16_scratch,cam1,0.8755,0.1401,2,yes
q3c,argmax_fallback,turned_left,5,4,L2c_ch16_scratch,cam1,0.7169,0.0258,3,
q3c,argmax_fallback,turned_left,5,8,L2c_ch16_scratch,cam1,0.6459,0.0206,2,
q3c,argmax_fallback,turned_right,5,1,L2c_ch16_scratch,cam1,0.9227,0.0514,2,
q3c,argmax_fallback,turned_right,5,2,L2c_ch16_scratch,cam1,0.8841,0.0669,3,
q3c,argmax_fallback,turned_right,5,4,L2c_ch16_scratch,cam1,0.9725,0.0062,2,yes
q3c,argmax_fallback,turned_right,5,8,L2c_ch16_scratch,cam1,0.855,0.1257,2,
q3c,argmax_fallback,upside_down,5,1,L2c_ch16_scratch,cam1,0.3435,0.052,2,
q3c,argmax_fallback,upside_down,5,2,L2c_ch16_scratch,cam1,0.5077,0.0641,2,yes
q3c,argmax_fallback,upside_down,5,4,L2c_ch16_scratch,cam1,0.1886,0.0731,2,
q3c,argmax_fallback,upside_down,5,8,L2c_ch16_scratch,cam1,0.2396,0.0349,2,
q3c,dfo,top,5,1,L2c_ch16_scratch,cam1,0.979,0.0057,3,yes
q3c,dfo,top,10,1,L2c_ch16_scratch,cam1,0.8859,0.1705,4,
q3c,dfo,top,20,1,L2c_ch16_scratch,cam1,0.7054,0.275,3,
q3c,dfo,top,50,1,L2c_ch16_scratch,cam1,0.6393,0.3768,5,
q3c,dfo,bottom,5,1,L2c_ch16_scratch,cam1,0.7303,0.487,4,
q3c,dfo,bottom,10,1,L2c_ch16_scratch,cam1,0.9574,0.0314,4,yes
q3c,dfo,bottom,20,1,L2c_ch16_scratch,cam1,0.9326,0.0595,4,
q3c,dfo,bottom,50,1,L2c_ch16_scratch,cam1,0.7748,0.1882,4,
q3c,dfo,left,5,1,L1c_ch16_scratch|L2c_ch16_scratch,cam1,0.9525,0.0184,6,
q3c,dfo,left,10,1,L1c_ch16_scratch|L2c_ch16_scratch,cam1,0.9656,0.0093,6,yes
q3c,dfo,right,5,1,L1c_ch16_scratch|L2c_ch16_scratch,cam1,0.5199,0.0245,8,
q3c,dfo,right,10,1,L1c_ch16_scratch|L2c_ch16_scratch,cam1,0.5218,0.021,8,yes
q3c,dfo,top_right,5,1,L2c_ch16_scratch,cam1,0.9455,0.0137,3,
q3c,dfo,top_right,10,1,L2c_ch16_scratch,cam1,0.9754,0.0024,2,yes
q3c,dfo,bottom_right,5,1,L2c_ch16_scratch,cam1,0.9567,0.0056,3,yes
q3c,dfo,bottom_right,10,1,L2c_ch16_scratch,cam1,0.9222,0.0369,4,
q3c,dfo,turned_left,5,1,L2c_ch16_scratch,cam1,0.6448,0.0858,3,
q3c,dfo,turned_left,10,1,L2c_ch16_scratch,cam1,0.7096,0.0509,3,yes
q3c,dfo,turned_left,20,1,L2c_ch16_scratch,cam1,0.677,0.0426,3,
q3c,dfo,turned_left,50,1,L2c_ch16_scratch,cam1,0.6718,0.0482,2,
q3c,dfo,turned_right,5,1,L2c_ch16_scratch,cam1,0.8145,0.157,4,
q3c,dfo,turned_right,10,1,L2c_ch16_scratch,cam1,0.9568,0.0244,3,yes
q3c,dfo,turned_right,20,1,L2c_ch16_scratch,cam1,0.792,0.0903,3,
q3c,dfo,turned_right,50,1,L2c_ch16_scratch,cam1,0.9142,0.0289,3,
q3c,dfo,upside_down,5,1,L2c_ch16_scratch,cam1,0.4837,0.1007,3,
q3c,dfo,upside_down,10,1,L2c_ch16_scratch,cam1,0.3382,0.0901,3,
q3c,dfo,upside_down,20,1,L2c_ch16_scratch,cam1,0.4401,0.064,3,
q3c,dfo,upside_down,50,1,L2c_ch16_scratch,cam1,0.4843,0.1686,2,yes
q3c,langevin,top,5,1,L2c_ch16_scratch,cam1,0.8551,0.1451,5,
q3c,langevin,top,10,1,L2c_ch16_scratch,cam1,0.6271,0.2084,3,
q3c,langevin,top,20,1,L2c_ch16_scratch,cam1,0.6252,0.4123,4,
q3c,langevin,top,50,1,L2c_ch16_scratch,cam1,0.8634,0.1533,3,yes
q3c,langevin,bottom,5,1,L2c_ch16_scratch,cam1,0.852,0.0937,3,yes
q3c,langevin,bottom,10,1,L2c_ch16_scratch,cam1,0.4173,0.491,4,
q3c,langevin,bottom,20,1,L2c_ch16_scratch,cam1,0.8494,0.2381,5,
q3c,langevin,bottom,50,1,L2c_ch16_scratch,cam1,0.742,0.2156,3,
q3c,langevin,right,10,1,L2c_ch16_scratch,cam1,0.5321,0.0,1,yes
q3c,langevin,turned_left,5,1,L2c_ch16_scratch,cam1,0.6943,0.0643,3,
q3c,langevin,turned_left,10,1,L2c_ch16_scratch,cam1,0.6986,0.0199,3,
q3c,langevin,turned_left,20,1,L2c_ch16_scratch,cam1,0.7014,0.01,2,
q3c,langevin,turned_left,50,1,L2c_ch16_scratch,cam1,0.7138,0.0249,3,yes
q3c,langevin,turned_right,5,1,L2c_ch16_scratch,cam1,0.315,0.5456,3,
q3c,langevin,turned_right,10,1,L2c_ch16_scratch,cam1,0.9645,0.0154,3,yes
q3c,langevin,turned_right,20,1,L2c_ch16_scratch,cam1,0.9565,0.0095,3,
q3c,langevin,turned_right,50,1,L2c_ch16_scratch,cam1,0.7062,0.4729,4,
q3c,langevin,upside_down,5,1,L2c_ch16_scratch,cam1,0.4721,0.0794,3,
q3c,langevin,upside_down,10,1,L2c_ch16_scratch,cam1,0.4783,0.1251,3,yes
q3c,langevin,upside_down,20,1,L2c_ch16_scratch,cam1,0.4467,0.0248,3,
q3c,langevin,upside_down,50,1,L2c_ch16_scratch,cam1,0.4043,0.1163,3,
ibc,dfo,top,5,1,Ibc2c16_c256_imnet|Ibc2c_c256_imnet,cam1,0.9069,0.15,6,
ibc,dfo,top,5,2,Ibc2c16_c256_imnet,cam1,0.8072,0.2688,3,
ibc,dfo,top,5,4,Ibc2c16_c256_imnet,cam1,0.7338,0.2014,3,
ibc,dfo,top,5,8,Ibc2c16_c256_imnet,cam1,0.7201,0.3431,4,
ibc,dfo,top,10,1,Ibc2c16_c256_imnet|Ibc2c_c256_imnet,cam1,0.9567,0.0336,6,yes
ibc,dfo,top,10,2,Ibc2c16_c256_imnet,cam1,0.8929,0.1209,3,
ibc,dfo,top,10,4,Ibc2c16_c256_imnet,cam1,0.9484,0.0372,2,
ibc,dfo,top,10,8,Ibc2c16_c256_imnet,cam1,0.7193,0.3487,2,
ibc,dfo,top,25,1,Ibc2c_c256_imnet,cam1,0.9532,0.0008,2,
ibc,dfo,bottom,5,1,Ibc2c_c256_imnet,cam1,0.6955,0.2779,3,
ibc,dfo,bottom,5,2,Ibc2c16_c256_imnet,cam1,0.7569,0.235,3,
ibc,dfo,bottom,5,4,Ibc2c16_c256_imnet,cam1,0.2002,0.032,2,
ibc,dfo,bottom,5,8,Ibc2c16_c256_imnet,cam1,0.3286,0.3365,3,
ibc,dfo,bottom,10,1,Ibc2c16_c256_imnet|Ibc2c_c256_imnet,cam1,0.9072,0.0899,5,
ibc,dfo,bottom,10,2,Ibc2c16_c256_imnet,cam1,0.7526,0.1667,2,
ibc,dfo,bottom,10,4,Ibc2c16_c256_imnet,cam1,0.4083,0.0769,2,
ibc,dfo,bottom,10,8,Ibc2c16_c256_imnet,cam1,0.1411,0.1273,2,
ibc,dfo,bottom,25,1,Ibc2c_c256_imnet,cam1,0.9545,0.0304,2,yes
ibc,dfo,left,5,1,Ibc2c_c256_imnet,cam1,0.9295,0.0741,3,
ibc,dfo,left,5,2,Ibc2c16_c256_imnet,cam1,0.9153,0.0098,2,
ibc,dfo,left,5,4,Ibc2c16_c256_imnet,cam1,0.9399,0.019,3,
ibc,dfo,left,5,8,Ibc2c16_c256_imnet,cam1,0.321,0.5303,3,
ibc,dfo,left,10,1,Ibc2c16_c256_imnet|Ibc2c_c256_imnet,cam1,0.6701,0.3118,4,
ibc,dfo,left,10,2,Ibc2c16_c256_imnet,cam1,0.853,0.1357,3,
ibc,dfo,left,10,4,Ibc2c16_c256_imnet,cam1,0.931,0.0403,3,
ibc,dfo,left,10,8,Ibc2c16_c256_imnet,cam1,0.8457,0.1734,3,
ibc,dfo,left,25,1,Ibc2c_c256_imnet,cam1,0.9483,0.0029,2,yes
ibc,dfo,right,5,1,Ibc2c_c256_imnet,cam1,0.5127,0.0055,2,yes
ibc,dfo,right,5,2,Ibc2c16_c256_imnet,cam1,0.5069,0.3007,4,
ibc,dfo,right,5,4,Ibc2c16_c256_imnet,cam1,0.4785,0.1653,3,
ibc,dfo,right,5,8,Ibc2c16_c256_imnet,cam1,0.3864,0.4624,3,
ibc,dfo,right,10,1,Ibc2c_c256_imnet,cam1,0.4993,0.0461,2,
ibc,dfo,right,10,2,Ibc2c16_c256_imnet,cam1,0.387,0.0958,2,
ibc,dfo,right,10,4,Ibc2c16_c256_imnet,cam1,0.0197,0.0015,2,
ibc,dfo,right,10,8,Ibc2c16_c256_imnet,cam1,0.0538,0.0221,2,
ibc,dfo,right,25,1,Ibc2c_c256_imnet,cam1,0.4766,0.1164,2,
ibc,dfo,top_right,5,1,Ibc2c_c256_imnet,cam1,0.9264,0.0988,5,
ibc,dfo,top_right,5,2,Ibc2c16_c256_imnet,cam1,0.9705,0.0186,2,yes
ibc,dfo,top_right,5,4,Ibc2c16_c256_imnet,cam1,0.5456,0.0061,2,
ibc,dfo,top_right,5,8,Ibc2c16_c256_imnet,cam1,0.696,0.456,4,
ibc,dfo,top_right,10,1,Ibc2c_c256_imnet,cam1,0.9543,0.0001,2,
ibc,dfo,top_right,25,1,Ibc2c_c256_imnet,cam1,0.9243,0.0446,2,
ibc,dfo,bottom_right,5,1,Ibc2c_c256_imnet,cam1,0.8952,0.1191,3,
ibc,dfo,bottom_right,5,2,Ibc2c16_c256_imnet,cam1,0.5084,0.1959,2,
ibc,dfo,bottom_right,5,4,Ibc2c16_c256_imnet,cam1,0.4539,0.153,2,
ibc,dfo,bottom_right,5,8,Ibc2c16_c256_imnet,cam1,0.3904,0.0469,2,
ibc,dfo,bottom_right,10,1,Ibc2c_c256_imnet,cam1,0.9599,0.0218,2,yes
ibc,dfo,bottom_right,25,1,Ibc2c_c256_imnet,cam1,0.3778,0.0033,2,
ibc,dfo,turned_left,5,1,Ibc2c_c256_imnet,cam1,0.6025,0.1479,2,yes
ibc,dfo,turned_left,5,2,Ibc2c16_c256_imnet,cam1,0.501,0.0467,2,
ibc,dfo,turned_left,5,4,Ibc2c16_c256_imnet,cam1,0.3433,0.2415,3,
ibc,dfo,turned_left,5,8,Ibc2c16_c256_imnet,cam1,0.2425,0.3138,2,
ibc,dfo,turned_left,10,1,Ibc2c_c256_imnet,cam1,0.5922,0.0052,2,
ibc,dfo,turned_left,10,2,Ibc2c16_c256_imnet,cam1,0.537,0.0834,2,
ibc,dfo,turned_left,10,4,Ibc2c16_c256_imnet,cam1,0.3212,0.1509,3,
ibc,dfo,turned_left,10,8,Ibc2c16_c256_imnet,cam1,0.3862,0.0355,2,
ibc,dfo,turned_left,25,1,Ibc2c_c256_imnet,cam1,0.5622,0.0163,2,
ibc,dfo,turned_right,5,1,Ibc2c_c256_imnet,cam1,0.8228,0.1056,2,
ibc,dfo,turned_right,5,2,Ibc2c16_c256_imnet,cam1,0.7037,0.1195,3,
ibc,dfo,turned_right,5,4,Ibc2c16_c256_imnet,cam1,0.3886,0.3195,3,
ibc,dfo,turned_right,5,8,Ibc2c16_c256_imnet,cam1,0.5082,0.1833,2,
ibc,dfo,turned_right,10,1,Ibc2c_c256_imnet,cam1,0.8626,0.0876,3,yes
ibc,dfo,turned_right,10,2,Ibc2c16_c256_imnet,cam1,0.8603,0.101,3,
ibc,dfo,turned_right,10,4,Ibc2c16_c256_imnet,cam1,0.8171,0.2833,4,
ibc,dfo,turned_right,10,8,Ibc2c16_c256_imnet,cam1,0.2348,0.1269,2,
ibc,dfo,turned_right,25,1,Ibc2c_c256_imnet,cam1,0.8605,0.0827,2,
ibc,dfo,upside_down,5,1,Ibc2c_c256_imnet,cam1,0.1773,0.0255,2,
ibc,dfo,upside_down,5,2,Ibc2c16_c256_imnet,cam1,0.2207,0.0687,2,yes
ibc,dfo,upside_down,5,4,Ibc2c16_c256_imnet,cam1,0.011,0.0134,2,
ibc,dfo,upside_down,5,8,Ibc2c16_c256_imnet,cam1,0.019,0.0012,2,
ibc,dfo,upside_down,10,1,Ibc2c_c256_imnet,cam1,0.1859,0.0037,2,
ibc,dfo,upside_down,25,1,Ibc2c_c256_imnet,cam1,0.1812,0.0203,2,
bc,deterministic,top,0,1,BC2c_ch16,cam1,0.9432,0.0273,3,yes
bc,deterministic,top,0,2,BC2c_ch16,cam1,0.9089,0.0627,2,
bc,deterministic,top,0,4,BC2c_ch16,cam1,0.9094,0.043,2,
bc,deterministic,top,0,8,BC2c_ch16,cam1,0.922,0.0201,2,
bc,deterministic,bottom,0,1,BC2c_ch16,cam1,0.8729,0.0785,4,yes
bc,deterministic,bottom,0,2,BC2c_ch16,cam1,0.7143,0.1367,3,
bc,deterministic,bottom,0,4,BC2c_ch16,cam1,0.6932,0.0424,2,
bc,deterministic,bottom,0,8,BC2c_ch16,cam1,0.76,0.0194,2,
bc,deterministic,left,0,1,BC2c_ch16,cam1,0.8435,0.0624,2,yes
bc,deterministic,left,0,2,BC2c_ch16,cam1,0.7742,0.1046,2,
bc,deterministic,left,0,4,BC2c_ch16,cam1,0.7243,0.0536,2,
bc,deterministic,left,0,8,BC2c_ch16,cam1,0.7248,0.0519,2,
bc,deterministic,right,0,1,BC2c_ch16,cam1,0.5553,0.018,2,yes
bc,deterministic,right,0,2,BC2c_ch16,cam1,0.539,0.0048,2,
bc,deterministic,right,0,4,BC2c_ch16,cam1,0.5182,0.0066,2,
bc,deterministic,right,0,8,BC2c_ch16,cam1,0.547,0.0025,2,
bc,deterministic,top_right,0,1,BC2c_ch16,cam1,0.456,0.1212,3,
bc,deterministic,top_right,0,2,BC2c_ch16,cam1,0.4642,0.138,2,
bc,deterministic,top_right,0,4,BC2c_ch16,cam1,0.3596,0.079,2,
bc,deterministic,top_right,0,8,BC2c_ch16,cam1,0.5921,0.0292,2,yes
bc,deterministic,bottom_right,0,1,BC2c_ch16,cam1,0.6994,0.2082,3,
bc,deterministic,bottom_right,0,2,BC2c_ch16,cam1,0.5812,0.3072,2,
bc,deterministic,bottom_right,0,4,BC2c_ch16,cam1,0.366,0.0037,2,
bc,deterministic,bottom_right,0,8,BC2c_ch16,cam1,0.7512,0.3353,3,yes
bc,deterministic,turned_left,0,1,BC2c_ch16,cam1,0.7273,0.0059,2,yes
bc,deterministic,turned_left,0,2,BC2c_ch16,cam1,0.6979,0.0007,2,
bc,deterministic,turned_left,0,4,BC2c_ch16,cam1,0.6974,0.0,2,
bc,deterministic,turned_left,0,8,BC2c_ch16,cam1,0.6856,0.0047,2,
bc,deterministic,turned_right,0,1,BC2c_ch16,cam1,0.7266,0.0403,2,
bc,deterministic,turned_right,0,2,BC2c_ch16,cam1,0.7379,0.0033,2,
bc,deterministic,turned_right,0,4,BC2c_ch16,cam1,0.7578,0.0435,2,yes
bc,deterministic,turned_right,0,8,BC2c_ch16,cam1,0.7518,0.094,2,
bc,deterministic,upside_down,0,1,BC2c_ch16,cam1,0.4336,0.0124,2,
bc,deterministic,upside_down,0,2,BC2c_ch16,cam1,0.5119,0.0878,3,
bc,deterministic,upside_down,0,4,BC2c_ch16,cam1,0.5487,0.0098,2,yes
bc,deterministic,upside_down,0,8,BC2c_ch16,cam1,0.4779,0.0123,2,
